lineage,focal.ID,round,cc2,f0 mother,collection.date,larvalsize.mm,juvenile.sizing.date,juvenile.size.mm,final.moult.date,first.clutch date,delta,days.to.adulthood,sex,adult.size.mm,no.adult.photo,size.at.death,death stage (l/j/a),death date,days.to.death,unpaired,up
8,1,1,8.1,a,27/03/2020,0.0952,30/03/2020,0.2521,,,,,m,0.519,,0.5192,a,20/04/2020,24,,
8,2,1,8.1,a,27/03/2020,0.0982,31/03/2020,0.3091,,,,,m,0.576,,0.5762,a,18/04/2020,22,,
8,3,1,8.1,a,27/03/2020,0.0992,30/03/2020,0.2741,,,,,m,0.523,,0.5227,a,18/04/2020,22,,
10,1,1,10.1,a,27/03/2020,0.0961,31/03/2020,0.2323,,,,,m,0.531,,0.5313,a,15/04/2020,19,,
10,2,1,10.1,a,27/03/2020,0.0996,31/03/2020,0.2666,,,,,f,0.636,,0.6363,a,22/04/2020,26,,
10,3,1,10.1,a,27/03/2020,0.0933,30/03/2020,0.2639,,,,,m,0.645,,0.6447,a,20/04/2020,24,,
10,4,1,10.1,b,28/03/2020,0.1215,31/03/2020,0.2657,,,,,f,0.626,,0.626,a,22/04/2020,25,,
10,5,1,10.1,b,28/03/2020,0.1214,31/03/2020,0.2712,,12/04/2020,,,f,0.712,,0.712,a,23/04/2020,26,,
10,6,1,10.1,b,28/03/2020,0.1185,31/03/2020,0.2714,,,,,m,0.432,,0.4319,a,16/04/2020,19,,
10,7,1,10.1,c,28/03/2020,0.0988,1/04/2020,0.2537,,,,,m,0.527,,0.5268,a,17/04/2020,20,,
10,8,1,10.1,c,28/03/2020,0.0927,1/04/2020,0.2775,,,,,m,,1,,a,20/04/2020,23,,
10,9,1,10.1,c,28/03/2020,0.1015,1/04/2020,0.2327,,,,,m,0.493,,0.4933,a,20/04/2020,23,,
9,1,1,9.1,a,28/03/2020,0.1024,31/03/2020,0.2593,,,,,m,,1,,a,19/04/2020,22,,
9,2,1,9.1,a,28/03/2020,0.0996,31/03/2020,0.2383,,,,,m,0.492,,0.4923,a,19/04/2020,22,,
9,3,1,9.1,a,28/03/2020,0.1017,1/04/2020,0.2515,,,,,m,0.52,,0.52,a,19/04/2020,22,,
10,10,1,10.1,e,29/03/2020,0.0953,1/04/2020,0.26,,,,,m,,1,,a,16/04/2020,18,,
10,11,1,10.1,e,29/03/2020,0.0994,1/04/2020,0.2607,,,,,m,0.53,,0.5304,a,15/04/2020,17,,
10,12,1,10.1,e,29/03/2020,0.0966,1/04/2020,0.2318,,,,,m,0.486,,0.4864,a,14/04/2020,16,,
10,13,1,10.1,f,29/03/2020,0.0877,,,,,,,m,0.511,,0.511,a,3/05/2020,35,,
10,14,1,10.1,f,29/03/2020,0.0741,,,,,,,m,0.511,,0.5111,a,5/05/2020,37,,
10,15,1,10.1,f,29/03/2020,0.0955,1/04/2020,0.2629,,,,,m,0.557,,0.557,a,19/04/2020,21,,
7,1,1,7.1,a,27/03/2020,0.0957,,,,,,,m,0.514,,0.5144,a,20/04/2020,24,,
7,2,1,7.1,a,27/03/2020,0.0952,1/04/2020,0.2508,,,,,m,0.644,,0.6436,a,15/04/2020,19,,
7,3,1,7.1,a,27/03/2020,0.0978,,,,,,,m,0.558,,0.5581,a,16/04/2020,20,,
7,4,1,7.1,a,27/03/2020,0.0936,,,,,,,m,,1,,a,,,,
20,1,1,20.1,a,29/03/2020,0.1024,1/04/2020,0.2422,,,,,m,0.52,,0.5196,a,20/04/2020,22,,
20,2,1,20.1,a,29/03/2020,0.0944,1/04/2020,0.2505,,,,,f,0.592,,0.5923,a,19/04/2020,21,,
20,3,1,20.1,a,29/03/2020,0.0985,1/04/2020,0.259,,,,,m,0.489,,0.4887,a,18/04/2020,20,,
20,4,1,20.1,b,29/03/2020,0.0754,,,,,,,,,,0.0864,l,1/04/2020,3,,
20,5,1,20.1,b,29/03/2020,0.0773,,,14/04/2020,,,16,m,0.388,,0.388,a,25/04/2020,27,,
20,6,1,20.1,b,29/03/2020,0.0783,,,,,,,m,0.467,,0.4672,a,17/04/2020,19,,
10,16,1,10.1,d,30/03/2020,0.129,,,12/04/2020,,,13,m,,1,,a,23/04/2020,24,,
10,17,1,10.1,d,30/03/2020,0.0963,,,,,,,,,,0.216,j,4/04/2020,5,,
10,18,1,10.1,d,30/03/2020,0.1313,,,,,,,m,0.48,,0.4804,a,27/04/2020,28,,
12,1,1,12.1,a,30/03/2020,0.0976,,,,,,,m,0.463,,0.4627,a,2/05/2020,33,,
12,2,1,12.1,a,30/03/2020,0.1007,,,,,,,m,0.479,,0.479,a,23/04/2020,24,,
12,3,1,12.1,a,30/03/2020,0.1009,,,13/04/2020,14/04/2020,1,14,f,0.764,,0.7636,a,1/05/2020,32,,
12,4,1,12.1,a,30/03/2020,0.0963,,,14/04/2020,,,15,f,0.597,,0.5965,a,22/04/2020,23,,
20,7,1,20.1,c,30/03/2020,0.0931,,,,,,,m,0.429,,0.4288,a,18/04/2020,19,,
20,8,1,20.1,c,30/03/2020,0.0942,,,,,,,m,0.508,,0.5082,a,15/04/2020,16,,
20,9,1,20.1,c,30/03/2020,0.094,,,,,,,m,,1,,a,24/04/2020,25,,
15,1,1,15.1,a,31/03/2020,0.0934,,,14/04/2020,15/04/2020,1,14,f,0.736,,0.7359,a,1/05/2020,31,,
15,2,1,15.1,a,31/03/2020,0.0993,,,,,,,m,0.578,,0.5777,a,30/04/2020,30,,
15,3,1,15.1,a,31/03/2020,0.0948,,,,,,,,,1,,,,,,
15,4,1,15.1,a,31/03/2020,0.0962,,,,,,,,,1,,,,,,
15,5,1,15.1,b,31/03/2020,0.1092,,,14/04/2020,6/05/2020,22,14,f,0.6816,,0.6816,a,8/05/2020,38,,
15,6,1,15.1,b,31/03/2020,0.0983,,,14/04/2020,15/04/2020,1,14,f,0.55,,0.5496,a,26/04/2020,26,,
15,7,1,15.1,b,31/03/2020,0.1087,,,,,,,m,0.485,,0.4845,a,27/04/2020,27,,
15,8,1,15.1,b,31/03/2020,0.1048,8/04/2020,0.2309,,,,,,,,,j,,,,
20,10,1,20.1,d,31/03/2020,0.0938,,,,14/04/2020,,,f,0.681,,0.6811,a,26/04/2020,26,,
20,11,1,20.1,d,31/03/2020,0.0987,,,,,,13,m,0.607,,0.6072,a,24/04/2020,24,,
20,12,1,20.1,d,31/03/2020,0.0927,,,,,,,m,0.538,,0.5384,a,7/05/2020,37,,
20,13,1,20.1,e,31/03/2020,0.0959,,,,,,,m,,1,,a,4/05/2020,34,,
20,14,1,20.1,e,31/03/2020,0.1078,,,,,,,,,1,,,,,,
20,15,1,20.1,e,31/03/2020,0.0998,,,,,,,,,1,,,,,,
18,1,1,18.1,c,31/03/2020,0.1055,,,,,,,m,0.693,,0.6933,a,1/05/2020,31,,
18,2,1,18.1,c,31/03/2020,0.1054,,,14/04/2020,15/04/2020,1,14,f,0.608,,0.6079,a,3/05/2020,33,,
18,3,1,18.1,c,31/03/2020,0.0892,,,,,,,,,,0.0333,l,1/04/2020,1,,
18,4,1,18.1,c,31/03/2020,0.0853,,,,,,,,,,0.0636,l,1/04/2020,1,,
15,9,1,15.1,c,1/04/2020,0.093,,,,,,,,,,0.0778,l,4/04/2020,3,,
15,10,1,15.1,c,1/04/2020,0.0987,,,,,,,m,0.42,,0.42,a,24/04/2020,23,,
15,11,1,15.1,c,1/04/2020,0.0975,,,,,,,m,0.591,,0.591,a,27/04/2020,26,,
15,12,1,15.1,c,1/04/2020,0.0967,,,,,,,,,,0.357,j,12/04/2020,11,,
20,16,1,20.1,f,1/04/2020,0.0978,,,,,,12,m,0.418,,0.4177,a,20/04/2020,19,,
20,17,1,20.1,f,1/04/2020,0.0945,,,,,,,m,0.377,,0.3773,a,27/04/2020,26,,
20,18,1,20.1,f,1/04/2020,0.0943,,,,,,,,,,0.3456,j,12/04/2020,11,,
7,5,1,7.1,b,1/04/2020,0.0951,,,,,,,m,,1,,a,12/04/2020,11,,
7,6,1,7.1,b,1/04/2020,0.094,,,,,,14,m,0.487,,0.4871,a,17/04/2020,16,,
7,7,1,7.1,b,1/04/2020,0.0999,,,,,,,m,0.319,,0.3186,a,14/04/2020,13,,
7,8,1,7.1,b,1/04/2020,0.0975,,,,,,,,,,0.3157,j,13/04/2020,12,,
11,1,1,11.1,a,1/04/2020,0.0901,,,14/04/2020,16/04/2020,2,13,f,0.651,,0.6509,a,30/04/2020,29,,
11,2,1,11.1,a,1/04/2020,0.0949,,,,,,,m,0.491,,0.4906,a,27/04/2020,26,,
11,3,1,11.1,a,1/04/2020,0.0928,,,,,,,m,0.514,,0.5143,a,27/04/2020,26,,
11,4,1,11.1,c,1/04/2020,0.1008,,,,,,,m,0.485,,0.4848,a,21/04/2020,20,,
11,5,1,11.1,c,1/04/2020,0.108,,,,,,12,m,0.494,,0.4937,a,2/05/2020,31,,
11,6,1,11.1,c,1/04/2020,0.0909,,,,,,11,m,,1,,a,21/04/2020,20,,
10,16b,1,10.1,g,1/04/2020,0.0979,,,,,,,m,0.541,,0.5411,a,20/04/2020,19,,
10,17b,1,10.1,g,1/04/2020,0.1016,,,,,,11,m,0.471,,0.4713,a,20/04/2020,19,,
10,18b,1,10.1,g,1/04/2020,0.1058,,,,,,,m,0.511,,0.5109,a,18/04/2020,17,,
18,5,1,18.1,a,1/04/2020,0.0942,,,,,,,m,0.482,,0.4818,a,25/04/2020,24,,
18,6,1,18.1,a,1/04/2020,0.0945,,,,,,,m,0.532,,0.2661,a,16/04/2020,15,,
18,7,1,18.1,a,1/04/2020,0.0967,,,,,,12,m,,1,,a,28/04/2020,27,,
18,8,1,18.1,a,1/04/2020,0.0952,,,,,,,m,,1,,a,30/04/2020,29,,
18,9,1,18.1,b,1/04/2020,0.0977,,,,,,13,m,0.504,,0.5037,a,20/04/2020,19,,
18,10,1,18.1,b,1/04/2020,0.0931,,,,,,,m,0.499,,0.4994,a,24/04/2020,23,,
18,11,1,18.1,b,1/04/2020,0.096,,,,,,11,m,,1,,a,23/04/2020,22,,
18,12,1,18.1,b,1/04/2020,0.0978,,,,,,,m,0.409,,0.4089,a,19/04/2020,18,,
14,1,1,14.1,a,1/04/2020,0.0944,,,,,,,m,0.522,,0.5215,a,21/04/2020,20,,
14,2,1,14.1,a,1/04/2020,0.1039,,,,,0,,f,0.636,,0.6355,a,21/04/2020,20,,
14,3,1,14.1,a,1/04/2020,0.0977,,,,,,,m,,1,,a,21/04/2020,20,,
14,4,1,14.1,a,1/04/2020,0.1036,,,,,,,m,0.656,,0.6561,a,,,,
12,5,1,12.1,b,1/04/2020,0.0924,,,12/04/2020,,,11,f,0.587,,0.5873,a,22/04/2020,21,,
12,6,1,12.1,b,1/04/2020,0.095,,,,,0,,f,0.641,,0.6406,a,18/04/2020,17,,
12,7,1,12.1,b,1/04/2020,0.0901,,,,,,,m,0.527,,0.5265,a,25/04/2020,24,,
12,8,1,12.1,b,1/04/2020,0.1014,,,,,,,m,0.45,,0.4499,a,30/04/2020,29,,
7,9,1,7.1,c,2/04/2020,0.0994,5/04/2020,0.3076,,,,12,m,0.45,,0.4496,a,29/04/2020,27,,
7,10,1,7.1,c,2/04/2020,0.097,4/04/2020,0.2428,,,,11,m,0.505,,0.5047,a,27/04/2020,25,,
7,11,1,7.1,c,2/04/2020,0.1001,4/04/2020,0.2557,,,,15,m,0.586,,0.5858,a,20/04/2020,18,,
7,12,1,7.1,c,2/04/2020,0.1014,4/04/2020,0.2498,,,,,m,0.485,,0.4852,a,4/05/2020,32,,
11,7,1,11.1,d,2/04/2020,0.094,5/04/2020,0.3154,15/04/2020,16/04/2020,1,13,f,0.703,,0.7033,a,2/05/2020,30,,
11,8,1,11.1,d,2/04/2020,,,,,,,,,,,0.2202,j,13/04/2020,11,,
11,9,1,11.1,d,2/04/2020,,,,14/04/2020,15/04/2020,1,12,f,0.724,,0.7241,a,1/05/2020,29,,
11,10,1,11.1,e,2/04/2020,0.0989,5/04/2020,0.2747,15/04/2020,20/04/2020,5,13,f,0.668,,0.6681,a,29/04/2020,27,27/4-29/4,1
11,11,1,11.1,e,2/04/2020,,,,15/04/2020,16/04/2020,1,13,f,0.708,,0.7084,a,2/05/2020,30,25/4-29/4,1
11,12,1,11.1,e,2/04/2020,,,,15/04/2020,16/04/2020,1,13,f,0.756,,0.7561,a,2/05/2020,30,,
11,13,1,11.1,f,2/04/2020,0.1037,,,,,,,,,,0.0965,l,7/04/2020,5,,
11,14,1,11.1,f,2/04/2020,,,,,,,,,,,0.0877,l,5/04/2020,3,,
11,15,1,11.1,f,2/04/2020,,,,,,,12,m,0.455,,0.4551,a,12/05/2020,40,,
11,16,1,11.1,g,3/04/2020,0.1041,5/04/2020,0.2614,14/04/2020,15/04/2020,1,11,f,0.672,,0.6718,a,6/05/2020,33,27/4-3/5,1
11,17,1,11.1,g,3/04/2020,,,,15/04/2020,17/04/2020,2,12,f,0.688,,0.688,a,8/05/2020,35,"14/4-18/4, 28/4-30/4",1
11,18,1,11.1,g,3/04/2020,,,,16/04/2020,,,13,f,0.756,,0.7555,a,6/05/2020,33,14/4-18/4 (or maybe a little longer),1
9,4,1,9.1,c,3/04/2020,0.0838,7/04/2020,0.2424,,,,,,,,0.2424,j,7/04/2020,4,,
9,5,1,9.1,c,3/04/2020,,,,,,,,,,,,,,,,
9,6,1,9.1,d,3/04/2020,0.0981,6/04/2020,0.2851,,,,10,m,0.515,,0.5146,a,13/04/2020,10,,
9,7,1,9.1,d,3/04/2020,,,,,,,,m,0.534,,0.5344,a,30/04/2020,27,,
12,9,1,12.1,d,3/04/2020,0.0914,6/04/2020,0.2549,,17/04/2020,,,f,0.601,,0.6009,a,3/05/2020,30,,
12,10,1,12.1,d,3/04/2020,0.0995,6/04/2020,0.252,,,,,m,0.468,,0.4679,a,10/05/2020,37,,
12,11,1,12.1,g,3/04/2020,0.0944,8/04/2020,0.2494,,19/04/2020,,,f,0.681,,0.6809,a,7/05/2020,34,,
12,12,1,12.1,g,3/04/2020,0.0773,,,,,,,,,,0.083,l,7/04/2020,4,,
10,19,1,10.1,h,3/04/2020,0.0917,6/04/2020,0.2487,,,,,m,0.405,,0.4048,a,27/04/2020,24,,
10,20,1,10.1,h,3/04/2020,0.0974,6/04/2020,0.2489,16/04/2020,17/04/2020,1,13,f,0.749,,0.749,a,29/04/2020,26,,
10,21,1,10.1,h,3/04/2020,0.0974,6/04/2020,0.2333,,,,,m,0.465,,0.4647,a,27/04/2020,24,,
10,22,1,10.1,h,3/04/2020,0.0973,6/04/2020,0.2465,16/04/2020,17/04/2020,1,13,f,0.804,,0.8035,a,30/04/2020,27,,
15,13,1,15.1,e,3/04/2020,0.0996,6/04/2020,0.2469,20/04/2020,,,17,f,0.604,,0.6036,a,4/05/2020,31,,
15,14,1,15.1,e,3/04/2020,0.1057,6/04/2020,0.26,15/04/2020,16/04/2020,1,12,f,0.635,,0.6352,a,4/05/2020,31,3/5-4/5,1
15,15,1,15.1,e,3/04/2020,0.1023,6/04/2020,0.2344,16/04/2020,16/04/2020,0,13,f,0.668,,0.668,a,2-May-20,29,"30/4-2/5. had '24/4' death date written down but clearly can't apply, might've been for its mate",1
16,1,1,16.1,a,3/04/2020,0.0996,6/04/2020,0.2685,,,,,m,0.506,,0.5056,a,1/06/2020,59,,
16,2,1,16.1,a,3/04/2020,0.0809,8/04/2020,0.2638,,,,16,m,0.622,,0.6216,a,1/06/2020,59,,
16,3,1,16.1,a,3/04/2020,,,,,,,,m,0.537,,0.5366,a,29/06/2020,87,,
16,4,1,16.1,a,3/04/2020,,,,,,,,m,0.522,,0.5217,a,16/05/2020,43,,
16,5,1,16.1,b,3/04/2020,0.0919,8/04/2020,0.2188,17/04/2020,20/04/2020,3,14,f,0.71,,0.71025,a,5/05/2020,32,,
16,6,1,16.1,b,3/04/2020,0.0976,6/04/2020,0.2345,,,,,m,0.61,,0.6096,a,14/04/2020,11,,
16,7,1,16.1,b,3/04/2020,,,,,,,,m,0.527,,0.5271,a,2/05/2020,29,,
16,8,1,16.1,b,3/04/2020,,,,17/04/2020,29/04/2020,12,14,f,0.641,,0.6413,a,7/05/2020,34,,
16,9,1,16.1,c,3/04/2020,0.1107,,,,,,,,,,0.0838,l,8/04/2020,5,,
16,10,1,16.1,c,3/04/2020,0.1017,6/04/2020,0.2626,,,,,m,0.602,,0.602,a,7/05/2020,34,,
16,11,1,16.1,c,3/04/2020,,,,,,,,m,0.504,,0.5043,a,10/06/2020,68,,
16,12,1,16.1,c,3/04/2020,,,,,,,,m,0.55,,0.5499,a,19/04/2020,16,,
18,13,1,18.1,d,3/04/2020,0.099,6/04/2020,0.2526,15/04/2020,17/04/2020,2,12,f,0.767,,0.7667,a,10/05/2020,37,,
18,14,1,18.1,d,3/04/2020,,7/04/2020,0.3052,16/04/2020,,,13,f,0.577,,0.5765,a,3/05/2020,30,,
18,15,1,18.1,i,3/04/2020,0.0939,7/04/2020,0.2383,17/04/2020,,,14,f,0.615,,0.6154,a,3/05/2020,30,28/4-3/5,1
18,16,1,18.1,i,3/04/2020,,7/04/2020,0.2287,,,,,m,0.568,,0.5682,a,29/04/2020,26,,
18,17,1,18.1,k,4/04/2020,0.1009,8/04/2020,0.2651,17/04/2020,,,13,f,,1,,a,7/05/2020,33,,
18,18,1,18.1,k,4/04/2020,,,,,,,,f,0.719,,0.7185,a,16/05/2020,42,,
18,19,1,18.1,l,4/04/2020,0.0968,8/04/2020,0.2352,,,,,m,0.492,,0.4922,a,3/05/2020,29,,
18,20,1,18.1,l,4/04/2020,,,,,,,,m,,1,,a,6/05/2020,32,,
18,21,1,18.1,e,4/04/2020,0.0959,,,,,,,,,,0.1029,l,7/04/2020,3,,
18,22,1,18.1,e,4/04/2020,,,,16/04/2020,25/04/2020,9,12,f,0.6567,,0.6567,a,16/05/2020,42,29/4-,1
18,23,1,18.1,f,4/04/2020,0.1002,7/04/2020,0.234,,,,,m,,1,,a,10/05/2020,36,,
18,24,1,18.1,f,4/04/2020,,,,,22/04/2020,,,f,0.607,,0.6068,a,8/05/2020,34,,
18,25,1,18.1,g,4/04/2020,0.098,8/04/2020,0.2614,,,,13,m,0.585,,0.5851,a,5/05/2020,31,,
18,26,1,18.1,g,4/04/2020,,,,,,,12,m,0.467,,0.467,a,25/04/2020,21,,
18,27,1,18.1,h,4/04/2020,0.0737,,,,,,,,,,0.0654,l,7/04/2020,3,,
18,28,1,18.1,h,4/04/2020,,,,17/04/2020,19/04/2020,2,13,f,0.772,,0.7724,a,10/05/2020,36,"28/4-3/5, 6/5-10/5",1
13,1,1,13.1,a,4/04/2020,0.1056,7/04/2020,0.2415,17/04/2020,19/04/2020,2,13,f,0.662,,0.6615,a,8/05/2020,34,,
13,2,1,13.1,a,4/04/2020,,,,,,,,m,0.554,,0.5539,a,28/04/2020,24,,
13,3,1,13.1,d,4/04/2020,0.1012,8/04/2020,0.2423,,,,,m,0.454,,0.454,a,12/05/2020,38,,
13,4,1,13.1,d,4/04/2020,,,,,,,,m,0.478,,0.4779,a,4/05/2020,30,,
13,5,1,13.1,e,4/04/2020,0.0985,8/04/2020,0.2336,,,,12,m,0.492,,0.4915,a,7/05/2020,33,,
13,6,1,13.1,e,4/04/2020,,,,,,,,m,0.482,,0.4823,a,27/04/2020,23,,
13,7,1,13.1,f,4/04/2020,0.0982,7/04/2020,0.2281,,,,13,m,0.51,,0.51,a,28/04/2020,24,,
13,8,1,13.1,f,4/04/2020,,,,19/04/2020,22/04/2020,3,15,f,0.563,,0.5634,a,28/04/2020,24,,
13,9,1,13.1,g,4/04/2020,0.0968,8/04/2020,0.2712,,,,,m,0.505,,0.5051,a,6/05/2020,32,,
13,10,1,13.1,g,4/04/2020,,,,,,,,m,0.481,,0.4814,a,16/05/2020,42,,
9,8,1,9.1,b,4/04/2020,0.073,10/04/2020,0.3008,,,,,m,0.552,,0.5523,a,5/05/2020,31,,
9,9,1,9.1,b,4/04/2020,,,,,,,15,m,,1,,a,1/05/2020,27,,
9,10,1,9.1,e,4/04/2020,0.0991,8/04/2020,0.2442,,,,,m,0.528,,0.528,a,8/05/2020,34,,
9,11,1,9.1,e,4/04/2020,,,,21/04/2020,,,17,f,0.697,,0.6972,a,4/05/2020,30,,
9,12,1,9.1,f,4/04/2020,0.0967,,,,,,,,,,0.0967,l,7/04/2020,3,,
9,13,1,9.1,f,4/04/2020,,,,17/04/2020,19/04/2020,2,13,f,0.697,,0.6968,a,10/05/2020,36,5/5-10/5,1
9,14,1,9.1,i,4/04/2020,0.0846,,,16/04/2020,19/04/2020,3,12,f,0.556,,0.5563,a,28/04/2020,24,,
9,15,1,9.1,i,4/04/2020,,,,,,,,m,,1,,a,27/04/2020,23,,
9,16,1,9.1,k,4/04/2020,0.0886,8/04/2020,0.2227,,,,,m,,1,,a,5/05/2020,31,,
9,17,1,9.1,k,4/04/2020,,,,,,,,m,0.553,,0.553,a,28/04/2020,24,,
8,4,1,8.1,b,4/04/2020,0.1009,8/04/2020,0.2606,,,,13,m,,1,,a,,,,
8,5,1,8.1,b,4/04/2020,0.113,7/04/2020,0.2384,,,,,m,0.538,,0.5381,a,21/04/2020,17,,
8,6,1,8.1,b,4/04/2020,0.1246,7/04/2020,0.2722,,,,10,m,0.494,,0.494,a,21/04/2020,17,,
8,7,1,8.1,c,4/04/2020,0.0927,8/04/2020,0.2344,,,,,m,0.453,1,0.453,a,29/04/2020,25,,
8,8,1,8.1,c,4/04/2020,0.0975,,,,,,,,,,0.0903,l,7/04/2020,3,,
8,9,1,8.1,c,4/04/2020,0.1082,9/04/2020,0.2272,,,,19,m,0.549,,0.5488,a,28/04/2020,24,,
12,13,1,12.1,e,4/04/2020,0.0889,,,,,,,,,,0.0605,l,7/04/2020,3,,
12,14,1,12.1,e,4/04/2020,,,,,,,18,m,0.572,,0.5724,a,1/05/2020,27,,
12,15,1,12.1,f,4/04/2020,0.0951,12/04/2020,0.2082,,,,,,,,0.158,l,11/04/2020,7,,
12,16,1,12.1,f,4/04/2020,,,,,,,,,,,0.0861,j,9/04/2020,5,,
12,17,1,12.1,h,4/04/2020,0.1015,8/04/2020,0.2509,17/04/2020,20/04/2020,3,13,f,0.66,,0.6595,a,10/05/2020,36,,
12,18,1,12.1,h,4/04/2020,,,,,,,,m,0.534,,0.5339,a,2/05/2020,28,,
15,16,1,15.1,f,4/04/2020,0.0918,,,,,,,,,,0.0916,l,7/04/2020,3,,
15,17,1,15.1,f,4/04/2020,,,,18/04/2020,20/04/2020,2,14,f,0.621,,0.6211,a,7/05/2020,33,"3/5-4/5, 6/5-7/5",1
15,18,1,15.1,g,4/04/2020,0.0977,,,,,,16,m,0.505,,0.505,a,6/05/2020,32,,
15,19,1,15.1,g,4/04/2020,,,,,,,,m,,1,,a,1/05/2020,27,,
15,20,1,15.1,h,4/04/2020,0.0803,,,,,,,,,,0.0657,l,7/04/2020,3,,
15,21,1,15.1,h,4/04/2020,,,,,,,,,,,0.27,j,12/04/2020,8,,
10,23,1,10.1,i,4/04/2020,0.0953,8/04/2020,0.2317,,,,,m,0.502,,0.5018,a,2/05/2020,28,,
10,24,1,10.1,i,4/04/2020,,,,,,,,m,0.51,,0.5096,a,5/05/2020,31,,
10,25,1,10.1,j,4/04/2020,0.0954,,,,,,,,,,0.0728,l,7/04/2020,3,,
10,26,1,10.1,j,4/04/2020,,,,,,,,,,,0.1626,l,16/04/2020,12,,
20,19,1,20.1,h,4/04/2020,0.0977,7/04/2020,0.2659,16/04/2020,19/04/2020,3,12,f,0.702,,0.7019,a,8/05/2020,34,,
20,20,1,20.1,h,4/04/2020,,,,16/04/2020,,,12,f,0.667,,0.6674,a,27/04/2020,23,,
20,21,1,20.1,i,4/04/2020,0.0994,8/04/2020,0.2387,,,,,m,,1,,a,,,,
20,22,1,20.1,i,4/04/2020,,,,17/04/2020,20/04/2020,3,13,f,0.687,,0.6872,a,26/04/2020,22,,
11,19,1,11.1,h,4/04/2020,0.0987,8/04/2020,0.2465,,,,,m,,1,,a,7/05/2020,33,,
11,20,1,11.1,h,4/04/2020,,,,17/04/2020,18/04/2020,1,13,f,0.683,,0.6828,a,7/05/2020,33,27/4-6/5,1
11,21,1,11.1,i,4/04/2020,0.0963,13/04/2020,0.228,,,,,,,,0.2312,j,14/04/2020,10,,
11,22,1,11.1,i,4/04/2020,,,,17/04/2020,19/04/2020,2,13,f,0.667,,0.6674,a,5/05/2020,31,1/5-2/5,1
11,23,1,11.1,j,4/04/2020,0.0997,8/04/2020,0.2295,17/04/2020,19/04/2020,2,13,f,0.674,,0.6739,a,8/05/2020,34,"28/4-29/4, 7/6-8/5",1
11,24,1,11.1,j,4/04/2020,,,,,,,,m,0.482,,0.4816,a,7/05/2020,33,,
11,25,1,11.1,k,4/04/2020,0.1039,8/04/2020,0.2747,,,,,m,0.522,,0.522,a,12/05/2020,38,,
11,26,1,11.1,k,4/04/2020,,,,18/04/2020,19/04/2020,1,14,f,0.65,,0.6499,a,10/05/2020,36,1/5-6/5,1
7,13,1,7.1,d,4/04/2020,0.0918,8/04/2020,0.2364,,,,,m,0.495,,0.4952,a,4/05/2020,30,,
7,14,1,7.1,d,4/04/2020,,,,17/04/2020,18/04/2020,1,13,f,0.643,,0.643,a,7/05/2020,33,5/5-7/5,1
7,15,1,7.1,e,4/04/2020,0.1012,,,,,,,,,,0.1268,l,10/04/2020,6,,
7,16,1,7.1,e,4/04/2020,,,,,,,,,,,0.0638,l,10/04/2020,6,,
16,13,1,16.1,d,4/04/2020,0.1001,8/04/2020,0.2463,17/04/2020,19/04/2020,2,13,f,0.644,,0.6435,a,7/05/2020,33,,
16,14,1,16.1,d,4/04/2020,,,,,,,,m,0.508,,0.5082,a,2/05/2020,28,,
16,15,1,16.1,e,4/04/2020,0.0973,,,,,,,,,,0.1156,l,7/04/2020,3,,
16,16,1,16.1,e,4/04/2020,,,,,,,,m,0.472,,0.4718,a,20/05/2020,46,,
16,17,1,16.1,f,4/04/2020,0.104,7/04/2020,0.2634,,,,,m,0.574,,0.5744,a,22/05/2020,48,,
16,18,1,16.1,f,4/04/2020,,,,17/04/2020,19/04/2020,2,13,f,0.641,,0.6413,a,10/05/2020,36,,
16,19,1,16.1,g,4/04/2020,0.1064,7/04/2020,0.2699,16/04/2020,17/04/2020,1,12,f,0.658,,0.6582,a,8/05/2020,34,,
16,20,1,16.1,g,4/04/2020,,,,17/04/2020,17/04/2020,0,13,f,0.627,,0.6266,a,12/05/2020,38,,
14,5,1,14.1,b,4/04/2020,0.0955,8/04/2020,0.29,17/04/2020,22/04/2020,5,13,f,0.63,,0.6301,a,6/05/2020,32,,
14,6,1,14.1,b,4/04/2020,,,,,,,,m,,1,,a,3/05/2020,29,,
14,7,1,14.1,c,4/04/2020,0.0961,8/04/2020,0.2423,19/04/2020,,,15,f,0.584,,0.5844,a,23/04/2020,19,,
14,8,1,14.1,c,4/04/2020,,,,,,,,m,0.535,,0.5353,a,8/05/2020,34,,
14,9,1,14.1,d,4/04/2020,0.0932,7/04/2020,0.2495,18/04/2020,18/04/2020,0,14,f,0.739,,0.7388,a,29/04/2020,25,,
14,10,1,14.1,e,4/04/2020,0.1053,9/04/2020,0.2189,,,,,,,,0.2297,j,15/04/2020,11,,
14,11,1,14.1,e,4/04/2020,,,,,,,13,m,0.457,,0.4566,a,2/05/2020,28,,
14,12,1,14.1,f,4/04/2020,0.1014,,,,,,,,,,0.1693,l,13/04/2020,9,,
14,13,1,14.1,g,4/04/2020,0.0846,,,,,,,,,,0.0906,l,7/04/2020,3,,
14,14,1,14.1,g,4/04/2020,,,,,,,,m,0.475,,0.4753,a,5/05/2020,31,,
19,1,1,19.1,b,4/04/2020,0.1034,9/04/2020,0.2511,18/04/2020,20/04/2020,2,14,f,0.84,,0.8396,a,14/05/2020,40,9-14/5,1
19,2,1,19.1,b,4/04/2020,,,,,,,,,,,0.0905,l,7/04/2020,3,,
19,3,1,19.1,a,4/04/2020,0.1093,7/04/2020,0.2214,,,,,m,0.541,,0.5407,a,27/04/2020,23,,
19,4,1,19.1,a,4/04/2020,,,,18/04/2020,19/04/2020,1,14,f,0.721,,0.72112,a,10/05/2020,36,6/5-10/5,1
19,5,1,19.1,c,4/04/2020,0.1203,7/04/2020,0.2541,,,,,m,,1,,a,6/05/2020,32,,
19,6,1,19.1,c,4/04/2020,,,,,,,,m,0.485,,0.4851,a,2/05/2020,28,,
2,1,1,2.1,a,5/04/2020,0.0955,8/04/2020,0.2401,17/04/2020,19/04/2020,2,12,f,0.629,,0.6293,a,12/05/2020,37,,
2,2,1,2.1,a,5/04/2020,,,,,,,14,m,,1,,a,8/05/2020,33,,
2,3,1,2.1,b,5/04/2020,0.0821,10/04/2020,0.2566,,,,,m,0.604,,0.6041,a,6/05/2020,31,,
2,4,1,2.1,b,5/04/2020,,,,,,0,,f,0.499,,0.4986,a,3/05/2020,28,,
2,5,1,2.1,e,5/04/2020,0.0783,9/04/2020,0.2439,19/04/2020,20/04/2020,1,14,f,0.705,,0.7054,a,7/05/2020,32,3/5-4/5,1
2,6,1,2.1,e,5/04/2020,,,,19/04/2020,22/04/2020,3,14,f,0.835,,0.8352,a,25/05/2020,50,"12/5-16/5, 19/5-25/5 OR 12/4-21(?)/4",1
2,7,1,2.1,f,5/04/2020,0.1021,8/04/2020,0.2446,,,,,m,0.542,,0.5415,a,2/05/2020,27,,
2,8,1,2.1,f,5/04/2020,,,,20/04/2020,26/04/2020,6,15,f,0.7149,,0.7149,a,,,,
2,9,1,2.1,h,5/04/2020,0.0726,,,,,,,,,,0.0998,l,7/04/2020,2,,
2,10,1,2.1,h,5/04/2020,,,,,,,,,,,0.1008,l,8/04/2020,3,,
2,11,1,2.1,i,5/04/2020,0.0793,,,,,,,,,,0.0817,l,9/04/2020,4,,
2,12,1,2.1,i,5/04/2020,,,,19/04/2020,24/04/2020,5,14,f,0.644,,0.6441,a,5/05/2020,30,2/5-5/5,1
2,13,1,2.1,l,5/04/2020,0.0967,,,,,,,,,,0.1121,l,10/04/2020,5,,
2,14,1,2.1,l,5/04/2020,,,,,,,,,,,0.084,l,12/04/2020,7,,
2,15,1,2.1,m,5/04/2020,0.1029,10/04/2020,0.2382,,,,15,m,0.5331,,0.5331,a,4/05/2020,29,,
2,16,1,2.1,m,5/04/2020,,,,,,,,,,,0.531,j,15/04/2020,10,,
9,18,1,9.1,g,5/04/2020,0.1235,8/04/2020,0.2476,18/04/2020,20/04/2020,2,13,f,0.713,,0.71335,a,10/05/2020,35,5/5-10/5,1
9,19,1,9.1,g,5/04/2020,,,,18/04/2020,19/04/2020,1,13,f,0.664,,0.664,a,7/05/2020,32,,
9,20,1,9.1,h,5/04/2020,0.0949,9/04/2020,0.2408,,,,,m,0.537,,0.5374,a,5/05/2020,30,,
9,21,1,9.1,h,5/04/2020,,,,,,,14,m,,1,,a,2/05/2020,27,,
9,22,1,9.1,j,5/04/2020,0.1265,8/04/2020,0.2625,,,,13,m,0.608,,0.6082,a,1/05/2020,26,,
9,23,1,9.1,j,5/04/2020,,,,,,,,m,,1,,a,29/04/2020,24,,
18,29,1,18.1,j,5/04/2020,0.0787,,,,,,,,,,0.0798,l,7/04/2020,2,,
18,30,1,18.1,j,5/04/2020,,,,,,,,,,,0.074,l,7/04/2020,2,,
18,31,1,18.1,m,5/04/2020,0.1303,8/04/2020,0.2903,,,,,m,0.596,,0.5964,a,1/05/2020,26,,
18,32,1,18.1,m,5/04/2020,,,,,,,,m,0.589,,0.5892,a,14/05/2020,39,,
8,10,1,8.1,d,5/04/2020,0.0984,8/04/2020,0.2246,18/04/2020,22/04/2020,4,13,f,0.65,,0.6497,a,10/05/2020,35,8/5-10/5,1
8,11,1,8.1,d,5/04/2020,0.1111,8/04/2020,0.2621,18/04/2020,,,13,f,0.681,,0.6807,a,1/05/2020,26,,
8,12,1,8.1,d,5/04/2020,,,,18/04/2020,23/04/2020,5,13,f,0.789,,0.7891,a,12/05/2020,37,6/5-12/5,1
8,13,1,8.1,d,5/04/2020,,,,,,,,m,,1,,a,4/05/2020,29,,
8,14,1,8.1,d,5/04/2020,,,,,,,,,,,0.0998,l,8/04/2020,3,,
19,7,1,19.1,d,5/04/2020,0.1003,9/04/2020,0.2284,,,,,m,,1,,a,,,,
19,8,1,19.1,d,5/04/2020,,,,,,,18,m,0.468,,0.4682,a,7/05/2020,32,,
20,23,1,20.1,g,5/04/2020,0.0979,10/04/2020,0.2535,20/04/2020,23/04/2020,3,15,f,0.717,,0.71665,a,8/05/2020,33,,
20,24,1,20.1,g,5/04/2020,,,,,,,,,,,0.0908,l,7/04/2020,2,,
20,25,1,20.1,g,5/04/2020,,,,20/04/2020,30/04/2020,10,15,f,0.725,,0.725,a,10/05/2020,35,,
10,27,1,10.1,k,5/04/2020,0.0974,15/04/2020,0.2349,,,,,,,,0.242,j,16/04/2020,11,,
10,28,1,10.1,k,5/04/2020,0.099,13/04/2020,0.2212,,,,,m,0.259,,0.2585,a,22/04/2020,17,,
10,29,1,10.1,k,5/04/2020,,,,18/04/2020,20/04/2020,2,13,f,0.707,,0.7074,a,8/05/2020,33,6/5-8/5,1
10,30,1,10.1,k,5/04/2020,,,,,,,,,,,0.248,j,17/04/2020,12,,
10,31,1,10.1,k,5/04/2020,,,,,,,,,,,0.165,l,15/04/2020,10,,
12,19,1,12.1,i,5/04/2020,0.0882,11/04/2020,0.2276,,,,,,0.691,,0.2622,j,13/04/2020,8,,
12,20,1,12.1,i,5/04/2020,,,,18/04/2020,20/04/2020,2,13,f,,1,,a,6/05/2020,31,,
12,21,1,12.1,j,5/04/2020,0.0977,11/04/2020,0.2659,,,,,m,0.488,,0.4883,a,6/05/2020,31,,
12,22,1,12.1,j,5/04/2020,,,,,,,,m,0.496,,0.4959,a,27/04/2020,22,,
14,15,1,14.1,p,5/04/2020,0.0775,11/04/2020,0.2802,,,,,m,0.58,,0.5798,a,28/04/2020,23,,
14,16,1,14.1,p,5/04/2020,,,,,,,,m,0.403,,0.4028,a,5/05/2020,30,,
14,17,1,14.1,p,5/04/2020,,,,,,,,,,,0.1041,l,8/04/2020,3,,
6,1,1,6.1,a,5/04/2020,0.0956,9/04/2020,0.2408,19/04/2020,25/04/2020,6,14,f,0.69,,0.6904,a,6/05/2020,31,,
6,2,1,6.1,a,5/04/2020,0.0928,9/04/2020,0.2274,,,,,m,0.607,,0.6067,a,8/05/2020,33,,
6,3,1,6.1,a,5/04/2020,,,,17/04/2020,20/04/2020,3,12,f,0.647,,0.6469,a,27/04/2020,22,,
6,4,1,6.1,a,5/04/2020,,,,19/04/2020,,,14,f,0.843,,0.8433,a,14/05/2020,39,8/5 to death (?),1
13,11,1,13.1,b,5/04/2020,0.0967,9/04/2020,0.2825,19/04/2020,20/04/2020,1,14,f,0.734,,0.734,a,1/05/2020,26,,
13,12,1,13.1,b,5/04/2020,,,,,,,,m,0.497,,0.4973,a,5/05/2020,30,,
13,13,1,13.1,c,5/04/2020,0.0964,9/04/2020,0.2524,,,,,m,0.52,,0.5197,a,7/05/2020,32,,
13,14,1,13.1,c,5/04/2020,,,,,,,,m,0.521,,0.5206,a,4/05/2020,29,,
13,15,1,13.1,i,5/04/2020,0.0936,9/04/2020,0.2465,,,,,m,0.554,,0.5542,a,4/05/2020,29,,
13,16,1,13.1,i,5/04/2020,,,,,20/04/2020,,,f,0.736,,0.7363,a,25/05/2020,50,20/5-25/5,1
13,17,1,13.1,j,5/04/2020,0.0993,10/04/2020,0.3294,,,,,m,0.73,,0.7296,a,24/04/2020,19,,
13,18,1,13.1,j,5/04/2020,,,,18/04/2020,22/04/2020,4,13,f,0.655,,0.6549,a,12/05/2020,37,,
13,19,1,13.1,l,5/04/2020,0.095,9/04/2020,0.268,,,,,m,0.521,,0.5212,a,8/05/2020,33,,
13,20,1,13.1,l,5/04/2020,,,,,,,,m,0.554,,0.5542,a,20/05/2020,45,,
7,17,1,7.1,f,6/04/2020,0.0974,9/04/2020,0.2641,,,,13,m,0.452,,0.4517,a,20/04/2020,14,,
7,18,1,7.1,f,6/04/2020,,,,,,,16,m,0.502,,0.5017,a,28/04/2020,22,,
7,19,1,7.1,f,6/04/2020,,,,19/04/2020,21/04/2020,2,13,f,0.704,,0.7044,a,,,15/5-death?,1
7,20,1,7.1,g,6/04/2020,0.0958,9/04/2020,0.2561,,,,15,m,,1,,a,,,,
7,21,1,7.1,g,6/04/2020,,,,20/04/2020,28/04/2020,8,14,f,0.615,,0.615,a,6/05/2020,30,,
7,22,1,7.1,g,6/04/2020,,,,19/04/2020,21/04/2020,2,13,f,0.535,,0.5352,a,3/05/2020,27,,
7,23,1,7.1,h,6/04/2020,0.0771,9/04/2020,0.2784,,,,14,m,0.442,,0.4417,a,27/04/2020,21,,
7,24,1,7.1,h,6/04/2020,,,,,,,13,m,,1,,a,2/05/2020,26,,
7,25,1,7.1,h,6/04/2020,,,,,,,16,m,0.549,,0.5493,a,30/04/2020,24,,
10,32,1,10.1,l,6/04/2020,0.1017,12/04/2020,0.2394,,,,,,,,0.2689,j,17/04/2020,11,,
10,33,1,10.1,l,6/04/2020,,,,,,,16,m,0.499,,0.4988,a,6/05/2020,30,,
10,34,1,10.1,l,6/04/2020,,,,,,,13,m,0.493,,0.4926,a,25/04/2020,19,,
12,23,1,12.1,k,6/04/2020,0.1061,9/04/2020,0.2513,19/04/2020,22/04/2020,3,13,f,0.681,,0.6813,a,10/05/2020,34,6/5-7/5,1
12,24,1,12.1,k,6/04/2020,,,,,,,12,m,0.512,,0.5124,a,6/05/2020,30,,
12,25,1,12.1,k,6/04/2020,,,,19/04/2020,22/04/2020,3,13,f,0.671,,0.6705,a,5/05/2020,29,,
12,26,1,12.1,k,6/04/2020,,,,21/04/2020,,,15,f,0.653,,0.6533,a,4/05/2020,28,,
12,27,1,12.1,m,6/04/2020,,,,,,,,m,0.503,,0.5031,a,8/05/2020,32,,
12,28,1,12.1,n,6/04/2020,,,,,,,12,m,0.507,,0.5071,a,6/05/2020,30,,
20,26,1,20.1,k,6/04/2020,0.1007,9/04/2020,0.2438,,,,13,m,0.497,,0.4972,a,27/06/2020,82,,
20,27,1,20.1,k,6/04/2020,,,,,,,,,,,,j,,,,
20,28,1,20.1,m,6/04/2020,0.0797,10/04/2020,0.2776,,,,14,m,,1,,a,,,,
20,29,1,20.1,m,6/04/2020,,,,,,,,m,,1,,a,8/05/2020,32,,
20,30,1,20.1,n,6/04/2020,0.1096,9/04/2020,0.2905,20/04/2020,,,14,f,0.622,,0.6221,a,5/05/2020,29,,
20,31,1,20.1,n,6/04/2020,,,,19/04/2020,30/04/2020,11,13,f,0.738,,0.7383,a,10/05/2020,34,4/5-5/5,1
14,18,1,14.1,j,6/04/2020,0.1088,9/04/2020,0.2808,19/04/2020,28/04/2020,9,13,f,0.688,,0.6878,a,6/05/2020,30,,
14,19,1,14.1,j,6/04/2020,,,,,,,,,,,0.4648,j,16/04/2020,10,,
14,20,1,14.1,k,6/04/2020,0.1031,9/04/2020,0.2663,,,,,m,0.458,,0.4582,a,17/04/2020,11,,
14,21,1,14.1,k,6/04/2020,,,,,,,,,,,0.283,j,17/04/2020,11,,
14,22,1,14.1,l,6/04/2020,0.0945,,,,,,,,,,0.0878,l,8/04/2020,2,,
14,23,1,14.1,l,6/04/2020,,,,,,,16,m,0.57,,0.5696,a,2/05/2020,26,,
14,24,1,14.1,l,6/04/2020,,,,,,,16,m,0.443,,0.4429,a,27/04/2020,21,,
19,9,1,19.1,e,6/04/2020,0.1041,9/04/2020,0.2478,,,,14,m,0.454,,0.4544,a,29/04/2020,23,,
19,10,1,19.1,e,6/04/2020,,,,,,,,,0.364,,0.3635,j,17/04/2020,11,,
19,11,1,19.1,g,6/04/2020,0.1066,9/04/2020,0.2807,19/04/2020,2/05/2020,13,13,f,0.6796,,0.6796,a,4/05/2020,28,,
19,12,1,19.1,g,6/04/2020,,,,,,,13,m,0.537,,0.5366,a,4/05/2020,28,,
19,13,1,19.1,h,6/04/2020,0.0822,,,,,,,,,,0.08,l,7/04/2020,1,,
19,14,1,19.1,h,6/04/2020,,,,,,,,,,,0.1116,l,10/04/2020,4,,
19,15,1,19.1,i,6/04/2020,0.1051,,,,,,,,,,0.1041,l,9/04/2020,3,,
19,16,1,19.1,i,6/04/2020,,,,,,,,,,,0.0993,l,7/04/2020,1,,
2,17,1,2.1,c,6/04/2020,0.0979,,,,,,,,,,0.106,l,7/04/2020,1,,
2,18,1,2.1,c,6/04/2020,,,,,,,,,,,0.1081,l,8/04/2020,2,,
2,19,1,2.1,d,6/04/2020,0.0999,9/04/2020,0.2923,20/04/2020,,,14,f,0.646,,0.6459,a,2/05/2020,26,,
2,20,1,2.1,d,6/04/2020,,,,,,,16,m,0.554,,0.5535,a,5/05/2020,29,,
15,22,1,15.1,j,6/04/2020,0.1038,9/04/2020,0.294,,,,18,m,,1,,a,6/05/2020,30,,
15,23,1,15.1,j,6/04/2020,,,,,,,,m,0.424,,0.4237,a,17/04/2020,11,,
15,24,1,15.1,j,6/04/2020,,,,,,,15,m,,1,,a,29/04/2020,23,,
6,5,1,6.1,b,6/04/2020,0.0982,9/04/2020,0.2518,,,,,m,0.372,,0.3718,a,17/04/2020,11,,
6,6,1,6.1,b,6/04/2020,,,,,,,,,,,0.3433,j,17-Apr-20,11,,
6,7,1,6.1,e,6/04/2020,0.0963,10/04/2020,0.2808,,,,,m,0.378,,0.3775,a,18/04/2020,12,,
6,8,1,6.1,e,6/04/2020,,,,,,,,,,,0.3694,j,17/04/2020,11,,
20,32,1,20.1,l,7/04/2020,0.0827,,,,,,,,,,0.0765,l,10/04/2020,3,,
20,33,1,20.1,l,7/04/2020,,,,,,,17,m,0.603,,0.6026,a,18/05/2020,41,,
19,17,1,19.1,f,7/04/2020,0.12,10/04/2020,0.2716,,,,12,m,,1,,a,2/05/2020,25,,
19,18,1,19.1,f,7/04/2020,,,,,,,,m,0.408,,0.4076,a,18/04/2020,11,,
15,25,1,15.1,i,7/04/2020,0.125,9/04/2020,0.2677,20/04/2020,22/04/2020,2,13,f,0.599,,0.5992,a,8/05/2020,31,6/5-8/5,1
15,26,1,15.1,i,7/04/2020,,,,,,,14,m,0.59,,0.5896,a,6/05/2020,29,,
15,27,1,15.1,l,7/04/2020,0.0992,10/04/2020,0.2644,,,,,m,0.398,,0.3984,a,18/04/2020,11,,
15,28,1,15.1,l,7/04/2020,,,,,,,14,m,0.452,,0.4518,a,30/04/2020,23,,
6,9,1,6.1,d,7/04/2020,0.0884,12/04/2020,0.2468,,,,15,m,0.507,,0.5072,a,29/04/2020,22,,
6,10,1,6.1,d,7/04/2020,,,,,,,,m,0.409,,0.4092,a,23/04/2020,16,,
20,34,1,20.1,o,8/04/2020,0.0973,13/04/2020,0.238,,,,,,,,0.2617,j,18/04/2020,10,,
20,35,1,20.1,o,8/04/2020,,,,,,,12,m,0.495,,0.4951,a,27/04/2020,19,,
20,36,1,20.1,p,8/04/2020,0.1077,11/04/2020,0.2528,,,,13,m,,1,,a,28/04/2020,20,,
20,37,1,20.1,p,8/04/2020,,,,,,,12,m,,1,,a,10/05/2020,32,,
19,19,1,19.1,j,8/04/2020,0.0987,,,,,,,,,,0.1517,l,15/04/2020,7,,
19,20,1,19.1,j,8/04/2020,,14/04/2020,0.247,,,,,,,,0.242,j,20/04/2020,12,,
10,35,1,10.1,m,8/04/2020,0.0974,11/04/2020,0.2717,,,,14,m,0.646,,0.6464,a,3/05/2020,25,,
10,36,1,10.1,m,8/04/2020,0.0979,,,,,,16,m,0.425,,0.4246,a,30/04/2020,22,,
7,26,1,7.1,j,8/04/2020,0.0985,11/04/2020,0.2649,,,,14,m,0.553,,0.553,a,5/05/2020,27,,
7,27,1,7.1,j,8/04/2020,,,,22/04/2020,24/04/2020,2,14,f,0.71,,0.7102,a,10/05/2020,32,5/5-death,1
7,28,1,7.1,j,8/04/2020,,,,,,,,,,1,,j,,,,
15,29,1,15.1,k,8/04/2020,0.0952,11/04/2020,0.2594,,,,13,m,0.627,,0.6271,a,5/05/2020,27,,
15,30,1,15.1,k,8/04/2020,,,,22/04/2020,,,14,f,0.863,,0.863,a,7/05/2020,29,30/4-1/5,1
15,31,1,15.1,k,8/04/2020,,,,21/04/2020,,,13,f,0.675,,0.6748,a,5/05/2020,27,,
15,32,1,15.1,k,8/04/2020,,,,24/04/2020,,,16,f,0.652,,0.6521,a,3/05/2020,25,30/4-3/5,1
6,11,1,6.1,c,8/04/2020,0.0886,13/04/2020,0.2592,,,,,m,0.259,,0.2593,a,21/04/2020,13,,
6,12,1,6.1,c,8/04/2020,,,,,,,,m,,1,,a,30/04/2020,22,,
6,13,1,6.1,f,8/04/2020,0.0923,12/04/2020,0.2608,,,,13,m,0.5,,0.5003,a,8/05/2020,30,,
6,14,1,6.1,f,8/04/2020,,,,23/04/2020,2/05/2020,9,15,f,0.73,,0.7304,a,8/05/2020,30,,
6,15,1,6.1,g,8/04/2020,0.0956,11/04/2020,0.2647,22/04/2020,27/04/2020,5,14,f,0.646,,0.6458,a,5/05/2020,27,,
6,16,1,6.1,g,8/04/2020,,,,,,,,m,0.479,,0.4788,a,19/04/2020,11,,
8,15,1,8.1,c,8/04/2020,0.0946,12/04/2020,0.2765,,,,15,m,,1,,a,4/05/2020,26,,
8,16,1,8.1,c,8/04/2020,,,,,,,,,,,0.1262,l,14/04/2020,6,,
8,17,1,8.1,f,8/04/2020,0.1019,11/04/2020,0.2812,23/04/2020,,,15,f,0.57,,0.5702,a,1/05/2020,23,,
8,18,1,8.1,f,8/04/2020,,,,,,,,m,0.437,,0.4373,a,28/04/2020,20,,
11,27,1,11.1,q,9/04/2020,0.0998,12/04/2020,0.2845,,,,14,m,0.472,,0.4723,a,1/05/2020,22,,
11,28,1,11.1,q,9/04/2020,0.1015,,,,,,,,,,0.1437,l,13/04/2020,4,,
6,17,1,6.1,h,9/04/2020,0.1034,12/04/2020,0.2437,,,,,m,0.471,,0.4714,a,5/05/2020,26,,
6,18,1,6.1,h,9/04/2020,,,,,,,13,m,0.499,,0.4991,a,29/04/2020,20,,
5,1,1,5.1,a,9/04/2020,0.1011,12/04/2020,0.2413,,,,13,m,0.447,,0.4473,a,28/04/2020,19,,
5,2,1,5.1,a,9/04/2020,,,,,,,,m,0.427,,0.4265,a,6/05/2020,27,,
1,1,1,1.1,b,10/04/2020,0.0999,13/04/2020,0.2902,,,,,m,0.383,,0.3828,a,21/04/2020,11,,
1,2,1,1.1,b,10/04/2020,,,,,,,13,m,0.481,,0.4813,a,7/05/2020,27,,
10,37,1,10.1,n,11/04/2020,,,,24/04/2020,27/04/2020,3,13,f,0.68,,0.6798,a,16/05/2020,35,unpaired 6-16/5,1
10,38,1,10.1,n,11/04/2020,,,,,,,,m,,1,,a,6/05/2020,25,,
6,19,1,6.1,i,11/04/2020,0.0947,14/04/2020,0.2552,,,,,m,0.436,,0.4359,a,8/05/2020,27,,
6,20,1,6.1,i,11/04/2020,,,,,,,14,m,0.572,,0.5716,a,7/05/2020,26,,
1,3,1,1.1,a,11/04/2020,0.1008,14/04/2020,0.2831,,,,12,m,0.463,,0.4628,a,6/05/2020,25,,
1,4,1,1.1,a,11/04/2020,,,,,,,15,m,0.566,,0.5664,a,7/05/2020,26,,
8,19,1,8.1,h,11/04/2020,0.0932,14/04/2020,0.2744,,,,,m,0.449,,0.4485,a,6/05/2020,25,,
8,20,1,8.1,h,11/04/2020,,,,,,,,m,0.505,,0.5049,a,4/05/2020,23,,
5,3,1,5.1,b,11/04/2020,0.0711,14/04/2020,0.2659,,,,12,m,0.518,,0.518,a,6/05/2020,25,,
5,4,1,5.1,b,11/04/2020,,,,,,,12,m,0.539,,0.539,a,7/05/2020,26,,
1,5,1,1.1,c,12/04/2020,0.105,14/04/2020,0.2619,,,,,m,0.476,,0.4759,a,8/05/2020,26,,
1,6,1,1.1,c,12/04/2020,,,,,,,,m,0.51,,0.5096,a,26/04/2020,14,,
1,7,1,1.1,d,12/04/2020,0.0997,15/04/2020,0.307,,,,15,m,0.522,,0.5217,a,1/05/2020,19,,
1,8,1,1.1,d,12/04/2020,,,,26/04/2020,29/04/2020,3,14,f,0.627,,0.6268,a,14/05/2020,32,8/5 - 10-5,1
1,9,1,1.1,f,12/04/2020,0.0974,14/04/2020,0.2619,,,,12,m,0.487,,0.4874,a,7/05/2020,25,,
1,10,1,1.1,f,12/04/2020,,,,,,,10,m,0.531,,0.531,a,16/05/2020,34,,
1,11,1,1.1,g,12/04/2020,0.1036,14/04/2020,0.2705,,,,11,m,0.484,,0.4838,a,4/05/2020,22,,
1,12,1,1.1,g,12/04/2020,,,,26/04/2020,,,14,f,0.729,,0.7292,a,10/05/2020,28,,
8,21g,1,8.1,g,12/04/2020,,,,,,,11,m,0.495,,0.495,a,6/05/2020,24,,
8,22,1,8.1,g,12/04/2020,,,,,,,11,m,0.56,,0.5601,a,3/05/2020,21,,
1,13,1,1.1,e,13/04/2020,0.0956,16/04/2020,0.2448,,,,,m,0.541,,0.5407,a,26/04/2020,13,,
1,14,1,1.1,e,13/04/2020,,,,,,,13,m,0.526,,0.5263,a,4/05/2020,21,,
1,15,1,1.1,j,13/04/2020,0.083,16/04/2020,0.2807,,,,13,m,0.529,,0.5285,a,4/05/2020,21,,
1,16,1,1.1,j,13/04/2020,,,,,,,13,m,0.599,,0.599,a,7/05/2020,24,,
8,21i,1,8.1,i,13/04/2020,,,,,,,12,m,0.407,,0.4073,a,4/05/2020,21,,
8,22i,1,8.1,i,13/04/2020,,,,,,,14,m,,1,,a,5/05/2020,22,,
8,23i,1,8.1,i,13/04/2020,,,,,,,,m,0.514,,0.5144,a,8/05/2020,25,,
1,17,1,1.1,h,14/04/2020,0.0969,17/04/2020,0.2856,,,,,m,0.506,,0.5062,a,6/05/2020,22,,
1,18,1,1.1,h,14/04/2020,,,,,,,,m,0.515,,0.5148,a,4/05/2020,20,,
1,19,1,1.1,i,14/04/2020,0.1254,,,,,,,,,,0.3226,j,16/04/2020,2,,
1,20,1,1.1,i,14/04/2020,,,,,,,12,m,0.542,,0.542,a,7/05/2020,23,,
5,5,1,5.1,d,14/04/2020,0.0894,17/04/2020,0.2559,,,,,,,,0.2976,j,23/04/2020,9,,
5,6,1,5.1,d,14/04/2020,,,,,,,16,m,0.446,,0.4458,a,7/05/2020,23,,
5,7,1,5.1,e,15/04/2020,0.0971,18/04/2020,0.2548,,,,16,m,0.538,,0.538,a,12/05/2020,27,,
5,8,1,5.1,e,15/04/2020,,,,,,,17,m,,1,,a,8/05/2020,23,,
5,9,1,5.1,f,16/04/2020,0.0839,20/04/2020,0.2383,,,,16,m,,1,,a,12/05/2020,26,,
5,10,1,5.1,f,16/04/2020,,,,,,,21,m,0.654,,0.6539,a,12/05/2020,26,,
5,11,1,5.1,g,16/04/2020,0.096,19/04/2020,0.2593,,,,14,m,0.5,,0.5,a,8/05/2020,22,,
5,12,1,5.1,g,16/04/2020,,,,,,,15,m,,1,,a,8/05/2020,22,,
5,13,1,5.1,i,17/04/2020,0.0901,,,,,,13,,,,0.1543,l,28/04/2020,11,,
5,14,1,5.1,i,17/04/2020,,,,,,,15,m,,1,,a,12/05/2020,25,,
5,15,1,5.1,k,17/04/2020,0.079,21/04/2020,0.2549,,,,,m,0.364,,0.3644,a,30/04/2020,13,,
5,16,1,5.1,k,17/04/2020,,,,,,,,,,,0.3007,j,28/04/2020,11,,
5,17,1,5.1,j,18/04/2020,0.0895,22/04/2020,0.241,,,,15,m,0.583,,0.5831,a,12/05/2020,24,,
5,18,1,5.1,j,18/04/2020,,,,,,,,,,,0.2769,j,28/04/2020,10,,
5,19,1,5.1,n,18/04/2020,0.0928,22/04/2020,0.2654,,,,,m,0.363,,0.3626,a,30/04/2020,12,,
5,20,1,5.1,n,18/04/2020,,,,,,,15,m,0.592,,0.5917,a,12/05/2020,24,,
19,1,2,19.2,a,29/04/2020,0.0955,2/05/2020,0.277,,,,12,m,0.524,,0.5237,a,14/06/2020,46,,
19,2,2,19.2,a,29/04/2020,,,,,,,,m,0.565,,0.5647,a,14/07/2020,76,,
19,3,2,19.2,b,1/05/2020,0.1136,4/05/2020,0.2613,,,,14,m,0.474,,0.4742,a,6/07/2020,66,,
19,4,2,19.2,b,1/05/2020,,,,15/05/2020,18/05/2020,3,14,f,0.76,,0.7596,a,9/06/2020,39,,
19,5,2,19.2,c,2/05/2020,0.0987,5/05/2020,0.2487,,,,,m,0.548,,0.5475,a,8/07/2020,67,,
19,6,2,19.2,c,2/05/2020,,,,,18/05/2020,,,f,0.668,,0.6679,a,22/06/2020,51,,
19,7,2,19.2,e,3/05/2020,0.1014,7/05/2020,0.2788,,17/05/2020,,,f,0.601,,0.6012,a,7/06/2020,35,,
19,8,2,19.2,e,3/05/2020,,,,,,,,m,0.55,,0.5503,a,16/06/2020,44,,
19,9,2,19.2,f,3/05/2020,0.0718,8/05/2020,0.2523,,,,15,m,,1,,a,24/06/2020,52,,
19,10,2,19.2,f,3/05/2020,,,,,,,,m,0.513,,0.5133,a,1/06/2020,29,,
19,11,2,19.2,g,3/05/2020,0.1202,7/05/2020,0.2792,,,,,m,,1,,a,29/06/2020,57,,
19,12,2,19.2,g,3/05/2020,,,,,,,,m,0.63,,0.63,a,14/07/2020,72,,
19,13,2,19.2,d,4/05/2020,0.1169,8/05/2020,0.1842,,,,15,m,0.515,,0.5151,a,10/06/2020,37,,
19,14,2,19.2,d,4/05/2020,,,,,,,,m,0.392,,0.3917,a,15/05/2020,11,,
19,15,2,19.2,h,4/05/2020,0.103,,,19/05/2020,27/05/2020,8,15,f,0.635,,0.6345,a,19/06/2020,46,,
19,16,2,19.2,h,4/05/2020,,,,18/05/2020,30/05/2020,12,14,f,0.694,,0.6937,a,17/06/2020,44,,
19,17,2,19.2,i,4/05/2020,0.0985,8/05/2020,0.2648,22/05/2020,1/06/2020,10,18,f,0.761,,0.7608,a,14/07/2020,71,,
19,18,2,19.2,i,4/05/2020,,,,21/05/2020,,,17,f,0.773,,0.7732,a,14/07/2020,71,,
19,19,2,19.2,j,8/05/2020,0.0977,12/05/2020,0.2844,,,,14,m,0.565,,0.5649,a,22/06/2020,45,,
19,20,2,19.2,j,8/05/2020,,,,22/05/2020,11/06/2020,20,14,f,0.678,,0.6782,a,1/07/2020,54,,
4,1,2,4.2,a,1/05/2020,0.0971,4/05/2020,0.2698,,,,,m,0.418,,0.4175,a,13/05/2020,12,,
4,2,2,4.2,a,1/05/2020,0.0928,4/05/2020,0.2636,,,,13,m,0.493,,0.4927,a,6/07/2020,66,,
4,3,2,4.2,a,1/05/2020,,,,,,,15,m,0.575,,0.5747,a,14/07/2020,74,,
4,4,2,4.2,a,1/05/2020,,,,,,,16,m,0.547,,0.547,a,12/06/2020,42,,
4,5,2,4.2,b,2/05/2020,0.1241,5/05/2020,0.28,,,,,m,,1,,a,26/05/2020,24,,
4,6,2,4.2,b,2/05/2020,0.0959,7/05/2020,0.2546,,,,17,m,0.491,,0.4907,a,7/06/2020,36,,
4,7,2,4.2,b,2/05/2020,,,,,,,19,m,,1,,a,23/05/2020,21,,
4,8,2,4.2,b,2/05/2020,,,,14/05/2020,15/05/2020,1,12,f,0.734,,0.7339,a,3/06/2020,32,,
4,9,2,4.2,c,4/05/2020,0.0959,7/05/2020,0.2671,,,,,,,,0.4187,j,14/05/2020,10,,
4,10,2,4.2,c,4/05/2020,0.0965,7/05/2020,0.2702,,,,14,m,0.569,,0.5693,a,14/07/2020,71,,
4,11,2,4.2,c,4/05/2020,,,,,,,14,m,0.563,,0.5629,a,14/07/2020,71,,
4,12,2,4.2,c,4/05/2020,,,,,,,,m,0.505,,0.5048,a,16/05/2020,12,,
4,13,2,4.2,d,10/05/2020,0.0936,,,,,,,,,,0.1266,l,13/05/2020,3,,
4,14,2,4.2,d,10/05/2020,0.0955,,,,,,,,,,0.094,l,14/05/2020,4,,
4,15,2,4.2,d,10/05/2020,,,,,,,,,,,0.2421,j,27/05/2020,17,,
4,16,2,4.2,d,10/05/2020,,,,,,,19,m,,1,,a,17/06/2020,38,,
4,17,2,4.2,e,17/05/2020,0.095,22/05/2020,0.2426,,,,22,m,0.483,,0.4825,a,14/06/2020,28,,
4,18,2,4.2,e,17/05/2020,0.1035,22/05/2020,0.2462,,,,22,m,0.487,,0.4869,a,1/07/2020,45,,
4,19,2,4.2,e,17/05/2020,,,,,,,22,m,0.487,,0.4872,a,1/07/2020,45,,
4,20,2,4.2,e,17/05/2020,,,,,,,19,m,0.461,,0.4612,a,14/07/2020,58,,
8,1,2,8.2,a,1/05/2020,0.0947,4/05/2020,0.275,,,,13,m,0.471,,0.4706,a,29/06/2020,59,,
8,2,2,8.2,a,1/05/2020,0.0962,5/05/2020,0.2766,,,,14,m,0.506,,0.5062,a,2/06/2020,32,,
8,3,2,8.2,a,1/05/2020,,,,18/05/2020,25/05/2020,7,17,f,0.649,,0.649,a,9/06/2020,39,,
8,4,2,8.2,a,1/05/2020,,,,,,,15,m,0.543,,0.5429,a,19/06/2020,49,,
8,5,2,8.2,d,8/05/2020,0.0963,11/05/2020,0.2584,,,,10,m,0.543,,0.5434,a,6/07/2020,59,,
8,6,2,8.2,d,8/05/2020,0.0944,,,,,,17,m,0.607,,0.6074,a,6/07/2020,59,,
8,7,2,8.2,d,8/05/2020,,,,,,,,,,,0.2436,j,23/05/2020,15,,
8,8,2,8.2,d,8/05/2020,,,,,,,,m,0.543,,0.5425,a,14/07/2020,67,,
8,9,2,8.2,e,11/05/2020,0.0865,,,,,,,,,,0.0886,l,13/05/2020,2,,
8,10,2,8.2,e,11/05/2020,0.0904,16/05/2020,0.2482,30/05/2020,5/06/2020,6,19,f,0.695,,0.6952,a,29/06/2020,49,,
8,11,2,8.2,e,11/05/2020,,,,,,,,,,,0.0831,l,15/05/2020,4,,
8,12,2,8.2,e,11/05/2020,,,,,,,,,,,,,,,,
8,13,2,8.2,f,12/05/2020,0.0865,16/05/2020,0.2349,31/05/2020,4/06/2020,4,19,f,,1,,a,27/07/2020,76,,
8,14,2,8.2,f,12/05/2020,0.0997,22/05/2020,0.3108,30/05/2020,,,18,f,0.837,,0.8369,a,21/07/2020,70,,
8,15,2,8.2,f,12/05/2020,,,,,,,,,,,0.0809,l,15/05/2020,3,,
8,16,2,8.2,f,12/05/2020,,,,,,,18,m,0.601,,0.6013,a,21/07/2020,70,,
8,17,2,8.2,g,19/05/2020,0.0948,25/05/2020,0.2427,,,,19,m,0.537,,0.5367,a,21/07/2020,63,,
8,18,2,8.2,g,19/05/2020,0.0951,24/05/2020,0.3111,,,,17,m,0.556,,0.5556,a,17/07/2020,59,,
8,19,2,8.2,g,19/05/2020,,,,,,,,m,0.537,,0.5374,a,17/07/2020,59,,
8,20,2,8.2,g,19/05/2020,,,,,,,,m,0.529,,0.5289,a,6/07/2020,48,,
17,1,2,17.2,a,3/05/2020,0.0951,,,,,,,m,0.517,,0.5171,a,22/06/2020,50,,
17,2,2,17.2,a,3/05/2020,0.0936,7/05/2020,0.299,18/05/2020,29/05/2020,11,15,f,0.829,,0.8293,a,26/06/2020,54,,
17,3,2,17.2,a,3/05/2020,,,,18/05/2020,24/05/2020,6,15,f,0.793,,0.7927,a,8/06/2020,36,,
17,4,2,17.2,a,3/05/2020,,,,,,,,m,0.531,,0.531,a,29/06/2020,57,,
17,5,2,17.2,b,4/05/2020,0.094,8/05/2020,0.2818,20/05/2020,28/05/2020,8,16,f,0.666,,0.6664,a,16/06/2020,43,,
17,6,2,17.2,b,4/05/2020,0.1012,7/05/2020,0.2631,17/05/2020,30/05/2020,13,13,f,0.718,,0.7175,a,22/06/2020,49,,
17,7,2,17.2,b,4/05/2020,,,,,,,14,m,0.651,,0.651,a,2/06/2020,29,,
17,8,2,17.2,b,4/05/2020,,,,20/05/2020,13/06/2020,24,16,f,0.713,,0.7134,a,14/07/2020,71,,
17,9,2,17.2,c,4/05/2020,0.0915,8/05/2020,0.279,,,,18,m,0.608,,0.6079,a,29/06/2020,56,,
17,10,2,17.2,c,4/05/2020,0.0857,8/05/2020,0.2569,,,,,m,0.528,,0.528,a,29-Jun-20,56,,
17,11,2,17.2,c,4/05/2020,,,,,,,21,m,0.536,,0.5359,a,29/06/2020,56,,
17,12,2,17.2,c,4/05/2020,,,,,,,15,m,0.594,,0.5943,a,21-Jul-20,78,,
17,13,2,17.2,d,4/05/2020,0.0986,7/05/2020,0.2485,,,,17,m,0.565,,0.5651,a,5-Jun-20,32,,
17,14,2,17.2,d,4/05/2020,0.0913,7/05/2020,0.2592,,,,12,m,0.482,,0.4818,a,26/06/2020,53,,
17,15,2,17.2,d,4/05/2020,,,,16/05/2020,20/05/2020,4,12,f,0.674,,0.6744,a,7/06/2020,34,,
17,16,2,17.2,d,4/05/2020,,,,,,,17,m,0.49,,0.4902,a,1/06/2020,28,,
17,17,2,17.2,e,5/05/2020,0.0758,9/05/2020,0.2791,,,,15,m,,1,,a,10/06/2020,36,,
17,18,2,17.2,e,5/05/2020,0.0703,9/05/2020,0.2742,,,,15,m,0.571,,0.5708,a,22/06/2020,48,,
17,19,2,17.2,e,5/05/2020,,,,,,,15,m,0.555,,0.5551,a,3/06/2020,29,,
17,20,2,17.2,e,5/05/2020,,,,,,,16,m,0.542,,0.5423,a,10/06/2020,36,,
