Lineage,Round,Mother.ID,Cohort num,Collection Date,Hatch Date,NextClutch,Mother.length.mm,Eggsac.area.mm2,Offspring.Count,egg1,egg2,egg3,egg4,egg5,egg6,egg7,egg8,egg9,egg10,larva1,larva2,larva3,larva4,larva5,larva6,larva7,larva8,larva9,larva10
1,1,8,1,29/04/2020,1/05/2020,3,0.7224,0.0364,20,0.0423,0.0412,0.0381,0.0403,0.0352,0.037,0.0461,0.0347,0.0436,0.0439,0.0951,0.0996,0.1021,0.1019,0.0973,0.102,0.1077,0.1037,0.1061,0.1001
1,1,8,2,2/05/2020,4/05/2020,,0.6724,0.0547,39,0.0639,0.0669,0.0573,0.0564,0.0602,0.0666,0.0628,0.063,0.0607,0.0439,0.1076,0.1062,0.104,0.1039,0.1068,0.1059,0.1024,0.1088,0.1018,0.0988
2,1,1,1,19/04/2020,21/04/2020,3,0.7299,0.0623,47,0.0418,0.0489,0.0501,0.0596,0.0571,0.05,0.0528,0.0603,0.0605,0.0438,0.1038,0.095,0.1011,0.1083,0.0949,0.0953,0.0915,0.0972,0.1004,0.0968
2,1,1,2,22/04/2020,24/04/2020,3,0.71,0.0677,32,0.0551,0.0563,0.0602,0.0575,0.063,0.0605,0.0584,0.0562,0.0561,0.061,0.1029,0.1013,0.0986,0.1075,0.1073,0.1036,0.1049,0.1049,0.1005,0.0991
2,1,1,3,24/04/2020,27/04/2020,2,0.7794,0.0578,30,0.06,0.0615,0.0614,0.0575,0.0559,0.0545,0.0514,0.0556,0.0555,0.0437,0.1264,0.1319,0.1124,0.1199,0.1294,0.124,0.1205,0.1228,0.1247,0.1284
2,1,1,4,27/04/2020,29/04/2020,3,0.6448,0.0568,34,0.0566,0.0478,0.0511,0.042,0.0451,0.0415,0.042,0.0447,0.046,0.0456,0.097,0.0935,0.0874,0.0903,0.0996,0.1007,0.094,0.0874,0.0972,0.0938
2,1,1,5,30/04/2020,2/05/2020,,0.6949,0.0598,44,0.054,0.0587,0.058,0.0534,0.0675,0.0561,0.0571,0.0647,0.0608,0.0529,0.0915,0.0907,0.0918,0.0945,0.099,0.1004,0.0927,0.0882,0.0964,0.0968
2,1,12,1,24/04/2020,27/04/2020,,0.7165,0.0343,12,0.0575,0.0575,0.0582,0.0684,0.0511,0.0602,,,,,0.1205,0.1247,0.1239,0.1241,0.1195,0.1166,0.1145,0.1192,0.1284,0.1179
2,1,5,1,20/04/2020,22/04/2020,6,0.7065,0.0729,18,0.0574,0.0452,0.0644,0.0489,0.0564,0.0587,0.053,0.0463,0.059,0.0492,0.106,0.106,0.1035,0.1441,0.0996,0.0996,0.1148,0.1082,0.1437,0.0939
2,1,5,2,26/04/2020,28/04/2020,,0.696,0.0506,32,0.0524,0.0564,0.0564,0.0437,0.0523,0.0587,0.056,0.0529,0.0548,0.0561,0.0886,0.0961,0.0992,0.0948,0.1032,0.0909,0.0974,0.0958,0.1027,0.0915
2,1,6,1,22/04/2020,25/04/2020,3,0.732,0.0523,25,0.0479,0.0527,0.0531,0.0519,0.0519,0.0404,0.0532,0.0522,0.0502,0.0486,0.103,0.1021,0.1032,0.0955,0.1267,0.0954,0.0926,0.1259,0.0905,0.0968
2,1,6,2,25/04/2020,28/04/2020,3,0.7357,0.0655,33,0.0594,0.062,0.0639,0.0605,0.0629,0.0671,0.0502,0.0613,0.0582,0.0624,0.0982,0.0992,0.096,0.1002,0.0996,0.1059,0.0968,0.0931,0.1047,0.0992
2,1,6,3,28/04/2020,1/05/2020,3,0.7404,0.049,20,0.0483,0.0481,0.0576,0.0508,0.0466,0.05,0.0481,0.0472,0.0483,0.05,0.1016,0.0926,0.0937,0.0999,0.1259,0.1014,0.0982,0.1019,0.0995,0.1016
2,1,6,4,1/05/2020,4/05/2020,4,0.7582,0.0498,10,0.0587,0.0585,0.0581,0.0549,0.0516,0.0453,0.047,0.0412,0.0472,0.0522,0.1264,0.128,0.1383,0.1258,,,,,,
2,1,6,5,4/05/2020,8/05/2020,5,0.7374,0.048,5,0.0415,0.0466,0.0476,0.0571,0.0495,0.0553,0.0507,0.0495,0.052,0.05,0.098,0.108,0.106,0.1069,,,,,,
2,1,6,6,10/05/2020,13/05/2020,6,0.7542,0.0319,5,0.0496,0.041,0.0471,0.042,0.0472,0.0513,0.0491,0.0481,0.0495,0.0482,0.091,0.0869,0.1061,0.1169,0.0861,,,,,
2,1,6,7,16/05/2020,19/05/2020,,0.7623,0.0305,1,0.0571,0.0546,0.0433,0.0362,0.0502,0.0616,0.0522,0.057,0.0489,0.0566,0.0628,,,,,,,,,
2,1,8,1,26/04/2020,29/04/2020,4,0.6716,0.0311,11,0.0496,0.0488,0.044,0.046,0.0392,0.0443,0.0398,0.0421,0.0411,0.0394,0.1004,0.104,0.0984,0.1062,0.1134,0.1044,0.1022,0.1107,,
2,1,8,2,1/05/2020,3/05/2020,,0.7149,0.0495,27,0.0553,0.0525,0.0547,0.0521,0.0599,0.051,0.0524,0.0548,0.0503,0.0505,,,,,,,,,,
2,1,,,6/05/2020,8/05/2020,,0.7475,0.0307,14,0.0579,0.051,0.0515,0.0427,0.0476,0.0514,0.0496,0.0488,0.0543,,0.0869,0.0924,0.0859,0.0864,0.0871,0.0898,0.084,0.0873,0.0857,0.083
2,1,,,6/05/2020,,,0.7234,0.0066,0,0.0456,0.046,0.0433,,,,,,,,,,,,,,,,,
6,1,1,1,25/04/2020,27/04/2020,,0.7691,0.0512,28,0.0636,0.0548,0.0574,0.0552,0.0671,0.0727,0.0681,0.0657,0.0566,0.053,0.1255,0.0907,0.1298,0.1298,0.1295,0.0903,0.0877,0.104,0.1245,0.1267
6,1,14,1,2/05/2020,6/05/2020,,0.7874,0.0221,0,0.0442,0.0528,0.0486,0.0422,0.0391,0.0486,0.0394,0.0494,0.0538,0.0537,,,,,,,,,,
6,1,15,1,27/04/2020,29/04/2020,,0.6982,0.0444,4,0.0484,0.0523,0.0449,0.0532,0.0609,0.0591,0.059,0.0499,0.0439,,0.0857,0.0708,0.0701,0.0898,,,,,,
6,1,3,1,20/04/2020,22/04/2020,3,0.7613,0.0686,5,0.0443,0.0548,0.0548,0.0534,0.052,0.0547,0.056,0.0473,0.0552,0.0597,0.119,0.1238,0.1274,0.1343,0.1377,,,,,
6,1,3,2,23/04/2020,25/04/2020,,0.7828,0.0537,33,0.0429,0.0459,0.0433,0.045,0.0501,0.0383,0.0448,0.0429,0.0411,0.0435,0.0962,0.0956,0.0926,0.0962,0.0961,0.0967,0.0957,0.092,0.0991,0.1028
7,1,14,1,18/04/2020,21/04/2020,1,0.6977,0.0549,14,0.0425,0.052,0.0363,0.0445,0.0433,0.0509,0.048,0.0486,0.048,0.0532,0.107,0.1049,0.1019,0.1049,0.0968,0.1065,0.1102,0.0989,0.1053,0.101
7,1,14,2,21/04/2020,22/04/2020,5,0.6998,0.0497,30,0.058,0.0547,0.0565,0.0549,0.0535,0.044,0.0471,0.0403,0.0433,0.0519,0.1069,0.1155,0.1082,0.1186,0.1219,,,,,
7,1,14,3,25/04/2020,27/04/2020,4,0.6971,0.0454,8,0.053,0.06,0.061,0.0573,0.0517,0.0503,0.0529,0.0573,0.0543,0.0548,0.1155,0.1156,0.0968,0.1183,0.1248,0.1238,0.1214,,,
7,1,14,4,29/04/2020,1/05/2020,,0.7066,0.0466,20,0.056,0.0552,0.0601,0.0657,0.0652,0.0594,0.0608,0.0612,0.0559,0.0547,0.1345,0.1345,0.1355,0.1327,0.1315,0.1357,0.1534,0.133,0.1397,0.1355
7,1,21,1,28/04/2020,30/04/2020,,0.7658,0.0472,28,0.0561,0.0582,0.0516,0.0635,0.0564,0.0508,0.0596,0.0591,0.0502,0.0552,0.0952,0.0999,0.0989,0.0943,0.0929,0.1038,0.1068,0.0967,0.0933,0.096
7,1,19,1,21/04/2020,25/04/2020,3,0.6771,0.0542,31,0.0488,0.0541,0.068,0.0512,0.0606,0.06,0.0634,0.0525,0.0646,0.0494,0.1258,0.0952,0.1006,0.1038,,,,,,
7,1,19,2,26/04/2020,28/04/2020,3,0.6749,0.0312,8,0.0495,0.0469,0.046,0.05,0.0462,0.0487,0.0387,0.0492,0.0474,0.0437,0.0972,0.0999,0.0928,0.0942,,,,,,
7,1,19,3,29/04/2020,1/05/2020,3,0.7524,0.0564,25,0.0524,0.0541,0.0574,0.0512,0.056,0.054,0.0618,0.0418,0.0591,0.0502,0.1316,0.1325,0.1361,0.1408,0.1432,0.1316,0.1314,0.1334,0.1348,0.136
7,1,19,4,1/05/2020,4/05/2020,2,0.7399,0.0506,31,0.0542,0.0442,0.0522,0.0574,0.0496,0.0487,0.0553,0.052,0.0399,0.0532,0.1601,0.129,0.13,0.1323,0.1312,0.1271,0.1294,0.1363,0.1283,0.1295
7,1,19,5,4/05/2020,6/05/2020,6,0.7219,0.0393,15,0.0515,0.0521,0.0618,0.0598,0.0557,0.0632,0.0544,0.0534,0.0544,0.055,0.095,0.1009,0.0998,0.1047,0.1017,0.109,0.1066,0.1104,0.1087,0.1022
7,1,19,6,10/05/2020,12/05/2020,,0.6604,0.0227,8,0.0611,0.0607,0.0573,0.0569,,,,,,,0.1224,0.0889,0.096,0.1263,0.1009,0.0911,0.0956,,,
7,1,27,2,29/04/2020,1/05/2020,4,0.7643,0.0465,4,0.0529,0.0507,0.0498,0.0427,0.0548,0.0654,0.0622,0.0513,0.0531,0.0575,0.109,0.1012,0.1031,0.1011,,,,,,
7,1,22,1,21/04/2020,24/04/2020,,0.7006,0.067,23,0.0473,0.048,0.0483,0.0468,0.0532,0.0587,0.0579,0.0524,0.0573,0.0488,0.0989,0.0931,0.0974,0.0921,0.097,0.0924,0.0986,0.0976,0.0967,0.0883
7,1,27,1,24/04/2020,27/04/2020,4,0.6767,0.022,4,0.0481,0.0468,0.0638,0.0495,0.0524,0.0538,0.049,0.0595,0.0477,0.047,0.0845,,,,,,,,,
7,1,27,3,,5/05/2020,,0.7194,0.0189,3,0.0555,0.054,0.0524,0.0451,0.0496,0.0513,,,,,0.0898,0.0932,,,,,,,,
8,1,10,1,22/04/2020,24/04/2020,4,0.6632,0.0419,7,0.0505,0.044,0.049,0.0408,0.0441,0.0498,0.0427,0.0579,0.0447,0.0492,0.1004,0.0992,0.0999,0.1272,0.112,0.0999,,,,
8,1,10,2,26/04/2020,28/04/2020,3,0.73,0.0356,5,0.0626,0.0525,0.0568,0.0641,0.0469,0.053,0.061,0.0519,0.0558,0.0522,0.1031,,,,,,,,,
8,1,10,3,29/04/2020,1/05/2020,3,0.7269,0.0421,11,0.0566,0.0601,0.0465,0.0596,0.0555,0.0473,0.0515,0.065,0.0534,0.0528,0.1041,0.1078,0.106,0.1093,0.1126,0.1111,0.1013,0.106,,
8,1,10,4,2/05/2020,4/05/2020,,0.732,0.0344,9,0.0549,0.0576,0.0519,0.0668,0.0709,0.0471,0.0555,0.0609,0.0684,0.0613,0.1055,0.1137,0.1019,0.08,0.0967,0.1047,0.085,,,
8,1,12,1,23/04/2020,,,0.7321,0.0056,,0.0608,0.0607,,,,,,,,,,,,,,,,,,
9,1,13,1,19/04/2020,21/04/2020,3,0.7639,0.0659,35,0.0495,0.0379,0.0587,0.0731,0.0651,0.0543,0.0615,0.0605,0.0539,0.0563,0.0996,0.1027,0.0989,0.0946,0.1017,0.1033,0.0994,0.0941,0.0993,0.1011
9,1,13,2,22/04/2020,24/04/2020,3,0.7102,0.0411,31,0.0465,0.032,0.0424,0.044,0.0402,0.0361,0.0364,0.044,0.0334,0.0263,0.096,0.091,0.1027,0.0945,0.0978,0.1019,0.0984,0.1017,0.0926,0.0939
9,1,13,3,25/04/2020,27/04/2020,6,0.6441,0.045,25,0.0471,0.0485,0.0516,0.0455,0.0443,0.0473,0.0477,0.0466,0.0415,0.0481,0.1009,0.1019,0.0975,0.1068,0.0987,0.1031,0.1,0.1063,0.1016,0.1022
9,1,13,4,1/05/2020,3/05/2020,,0.6691,0.0255,8,0.0503,0.0503,0.0461,0.0353,0.0392,0.0382,0.0403,0.0412,0.0427,,,,,,,,,,,
9,1,14,1,19/04/2020,21/04/2020,,0.6499,0.0472,28,0.0604,0.0544,0.0539,0.0582,0.0661,0.0482,0.0484,0.0618,0.0566,0.0641,0.1033,0.1046,0.1007,0.1056,0.1021,0.1014,0.0969,0.1119,0.1079,0.1026
9,1,18,1,20/04/2020,22/04/2020,3,0.7098,0.0515,28,0.0675,0.064,0.0648,0.0553,0.0638,0.0585,0.0576,0.0638,0.0621,0.0563,0.0935,0.0958,0.0959,0.0869,0.0992,0.0951,0.1007,0.1076,0.1036,0.099
9,1,18,2,23/04/2020,25/04/2020,,0.7169,0.0466,37,0.0515,0.0602,0.0514,0.0551,0.0535,0.0542,0.0475,0.0488,0.0477,,0.102,0.091,0.0996,0.0908,0.1001,0.1048,0.099,0.1061,0.0964,0.0996
9,1,19,1,19/04/2020,22/04/2020,2,0.7526,0.0643,10,0.0585,0.0471,0.0522,0.0521,0.0567,0.0468,0.0448,0.0462,0.0487,0.0557,0.1001,0.1021,0.1057,0.1037,0.1078,0.102,0.0939,0.1028,,
9,1,19,2,22/04/2020,24/04/2020,4,0.7152,0.0522,31,0.0524,0.043,0.0524,0.0461,0.0522,0.0455,0.0541,0.0529,0.0536,0.0489,0.1043,0.0898,0.0922,0.0988,0.0962,0.0968,0.1013,0.0984,0.1034,0.1021
9,1,19,3,26/04/2020,28/04/2020,5,0.634,0.0436,21,0.0671,0.0599,0.0596,0.0632,0.0557,0.0539,0.0547,0.0525,0.0513,0.0641,0.0989,0.1,0.0992,0.1047,0.0974,0.1,0.096,0.0987,0.0955,0.0959
9,1,19,4,1/05/2020,3/05/2020,,0.7179,0.0152,10,0.049,0.0543,0.0616,0.0604,0.0563,0.0564,,,,,,,,,,,,,,
10,1,20,1,17/04/2020,19/04/2020,5,0.8023,0.0725,41,0.0557,0.056,0.0567,0.0604,0.0557,0.0618,0.0592,0.0598,0.0679,0.0547,0.0968,0.0956,0.0956,0.1001,0.0975,0.0969,0.0854,0.1013,0.1057,0.0964
10,1,20,2,21/04/2020,24/04/2020,,0.7414,0.0424,23,0.0571,0.05,0.0652,0.0569,0.0475,0.0576,0.0419,0.054,0.0592,0.0541,0.1027,0.098,0.1016,0.102,0.1027,0.1009,0.1024,0.0984,0.1025,0.1016
10,1,22,1,17/04/2020,19/04/2020,4,0.839,0.0863,40,0.0563,0.0614,0.055,0.0521,0.0547,0.0609,0.0622,0.0495,0.0607,0.0616,0.0928,0.1114,0.0956,0.0958,0.1048,0.0946,0.1007,0.0984,0.0999,0.0975
10,1,22,2,21/04/2020,23/04/2020,,0.7202,0.043,36,0.057,0.0514,0.0552,0.0485,0.0543,0.045,0.043,0.0448,0.0439,0.0488,0.1377,0.1451,0.1402,0.1331,0.1394,0.1596,0.0913,0.1498,0.1502,0.142
10,1,29,1,20/04/2020,22/04/2020,3,0.7558,0.0742,21,0.0607,0.0561,0.0588,0.0587,0.0626,0.0538,0.0586,0.0581,0.0573,0.0573,0.1439,0.1574,0.1105,0.1147,0.153,0.1459,0.1564,0.1585,0.1456,0.1112
10,1,29,2,23/04/2020,25/04/2020,4,0.7451,0.056,36,0.0606,0.051,0.0597,0.0546,0.0494,0.051,0.059,0.0559,0.0555,0.0533,0.1035,0.103,0.1038,0.116,0.1087,0.1034,0.1156,0.1087,0.1071,0.116
10,1,29,3,27/04/2020,29/04/2020,4,0.6813,0.0435,14,0.0561,0.0623,0.0673,0.0599,0.0596,0.067,0.058,0.0603,0.0614,0.0519,0.1062,0.1192,0.1226,0.1283,0.1472,0.11,0.1416,0.1446,0.1105,0.119
10,1,29,4,1/05/2020,3/05/2020,,0.746,0.0289,13,0.0607,0.0599,0.0587,0.0446,0.0522,0.0553,0.0667,0.0552,0.0604,,,,,,,,,,,
10,1,37,1,27/04/2020,29/04/2020,,0.7163,0.0102,0,0.0609,0.0618,0.069,,,,,,,,,,,,,,,,,
10,1,5,1,12/04/2020,13/04/2020,4,0.7408,0.0472,14,0.0547,0.0533,0.0546,0.0552,0.0564,0.0546,0.0536,0.052,0.0599,0.0586,,,,,,,,,,
10,1,5,2,15/04/2020,17/04/2020,,0.7403,0.0447,15,0.0532,0.064,0.0494,0.0541,0.0552,0.051,0.055,0.0597,0.0506,0.0519,0.0953,0.1118,0.0987,0.0971,0.0999,0.1011,0.095,0.0959,0.0925,
11,1,1,1,16/04/2020,18/04/2020,4,0.7195,0.0545,6,0.0465,0.0607,0.0585,0.062,0.0566,0.0622,0.0537,0.0573,0.053,0.0497,0.1022,0.0962,0.0971,0.0975,,,,,,
11,1,1,2,19/04/2020,22/04/2020,5,0.7199,0.0415,27,0.05,0.0449,0.0398,0.037,0.04,0.044,0.0434,0.0464,0.0341,0.0449,0.0935,0.0961,0.101,0.1057,0.0976,0.098,0.101,0.0954,0.1061,0.0915
11,1,11,3,25/04/2020,27/04/2020,,0.7808,0.0154,0,0.056,0.0556,0.04,0.0479,0.0412,,,,,,,,,,,,,,,
11,1,10,1,20/04/2020,25/04/2020,,0.7116,0.0228,3,0.0472,0.0416,0.0391,0.0466,0.0358,0.0398,,,,,,,,,,,,,,
11,1,11,1,16/04/2020,17/04/2020,6,0.8095,0.025,0,0.0551,0.0543,0.0581,0.0477,0.0579,0.0679,0.0613,,,,,,,,,,,,,
11,1,11,2,18/04/2020,23/04/2020,,0.8219,0.0133,0,0.0629,0.0581,0.0576,0.0566,,,,,,,,,,,,,,,,
11,1,12,1,16/04/2020,18/04/2020,2,0.7521,0.0893,31,0.0665,0.063,0.0541,0.0506,0.0465,0.041,0.0553,0.053,0.0505,0.047,0.0973,0.1108,0.0646,0.0679,0.0948,0.0978,0.0672,0.0772,0.0744,0.0962
11,1,12,2,18/04/2020,20/04/2020,4,0.7827,0.0724,38,0.0506,0.05,0.0555,0.0461,0.0544,0.0442,0.0459,0.052,0.0498,0.0524,0.1047,0.101,0.0969,0.1011,0.1041,0.1018,0.1066,0.1019,0.0997,0.1041
11,1,12,3,21/04/2020,24/04/2020,,0.736,0.0555,10,0.0474,0.0453,0.0535,0.0524,0.046,0.045,0.0558,0.0451,0.0516,0.0349,0.0708,0.1009,0.0994,0.1079,0.1049,0.1025,0.0976,0.105,0.1007,0.1061
11,1,16,1,15/04/2020,25/04/2020,4,0.8023,0.0212,0,0.0433,0.0458,0.0495,,,,,,,,,,,,,,,,,
11,1,16,2,27/04/2020,29/04/2020,4,0.7263,0.0307,5,0.0476,0.0444,0.0555,0.0469,0.0629,0.0555,0.0381,0.0522,0.0509,,0.0989,0.0955,,,,,,,,
11,1,16,3,30/04/2020,3/05/2020,,0.7227,0.0231,15,0.0532,0.0533,0.0534,0.0474,0.0515,0.0498,0.0448,0.0582,0.0485,0.0494,0.1243,0.1281,0.1257,0.137,0.123,0.1217,0.128,0.1267,0.1247,0.1311
11,1,17,1,17/04/2020,19/04/2020,3,0.8037,0.0354,15,0.0448,0.0528,0.0404,0.0426,0.0465,0.0502,0.04,0.0503,0.0564,0.0463,0.1053,0.1114,0.1088,0.1028,0.1073,0.1072,0.1137,0.1142,0.1086,0.1047
11,1,17,2,20/04/2020,22/04/2020,4,0.7705,0.0183,31,0.0532,0.054,0.0486,0.0508,0.045,0.0453,0.0446,0.0408,,,0.1139,0.103,0.1185,0.1097,0.1181,0.1172,0.0952,0.1172,0.1035,0.1198
11,1,17,3,24/04/2020,26/04/2020,4,0.7774,0.0321,18,0.0504,0.0597,0.0544,0.0623,0.0493,0.0389,0.0636,0.054,,,0.1092,0.0999,0.1046,0.1085,0.1024,0.1031,0.106,0.1022,0.1004,0.1026
11,1,17,4,28/04/2020,30/04/2020,,0.7926,0.014,0,0.0353,0.0424,0.034,0.039,,,,,,,,,,,,,,,,
11,1,20,1,18/04/2020,20/04/2020,3,0.7658,0.0652,31,0.0498,0.047,0.0524,0.051,0.0505,0.0542,0.0461,0.0582,0.0494,0.0533,0.1034,0.1046,0.1048,0.1063,0.1007,0.0968,0.1008,0.102,0.104,0.0988
11,1,20,2,21/04/2020,23/04/2020,5,0.7766,0.0641,41,0.0556,0.0424,0.0612,0.049,0.0501,0.0424,0.0501,0.0555,0.0449,0.0519,0.0977,0.0948,0.0985,0.1015,0.0997,0.0977,0.1041,0.0999,0.1018,0.0987
11,1,20,3,26/04/2020,28/04/2020,3,0.7177,0.0336,2,0.0429,0.0453,0.0376,0.0434,0.0454,0.0381,0.0438,0.0454,0.0432,0.037,0.0612,0.0611,,,,,,,,
11,1,20,4,29/04/2020,1/05/2020,4,0.7785,0.0326,4,0.0374,0.0407,0.0315,0.0374,0.0364,0.0395,0.0314,0.0372,0.0337,0.0309,0.0772,,,,,,,,,
11,1,20,5,3/05/2020,5/05/2020,,0.7699,0.0383,23,0.0532,0.0511,0.0529,0.0529,0.0564,0.0524,0.052,0.049,0.0495,0.0517,0.102,0.097,0.0922,0.0994,0.0916,0.099,0.1019,,,
11,1,22,1,19/04/2020,21/04/2020,7,0.7057,0.0612,24,0.0433,0.0427,0.0457,0.0485,0.0464,0.0428,0.0394,0.042,0.046,0.0471,0.1068,0.1112,0.1054,0.103,0.1022,0.103,0.1104,,,
11,1,22,2,25/04/2020,28/04/2020,,0.7374,0.0251,1,0.0461,0.0502,0.0437,0.0483,0.054,0.0471,0.0436,0.0435,0.052,0.047,29.7321,,,,,,,,,
11,1,23,1,19/04/2020,22/04/2020,3,0.715,0.0588,29,0.05,0.0563,0.0604,0.0422,0.0504,0.047,0.0383,0.0503,0.0373,0.0406,0.1078,0.1004,0.0963,0.1003,0.0939,0.1005,0.1029,0.0963,0.0963,0.0977
11,1,23,2,23/04/2020,25/04/2020,3,0.7337,0.0519,23,0.054,0.0471,0.057,0.0536,0.0594,0.0604,0.0505,0.0608,0.0522,0.0563,0.106,0.1044,0.1111,0.105,0.1033,0.0978,,,,
11,1,23,3,26/04/2020,28/04/2020,5,0.7174,0.0397,17,0.0543,0.0488,0.0422,0.0459,0.0453,0.0484,0.0441,0.0454,0.0449,0.0402,0.1018,0.1007,0.1022,0.103,0.1035,0.0678,0.0949,0.1016,0.1029,0.0982
11,1,23,4,30/04/2020,3/05/2020,,0.7079,0.0226,13,0.042,0.043,0.0389,0.051,,,,,,,,,,,,,,,,
11,1,26,1,19/04/2020,21/04/2020,10,0.7051,0.0567,49,0.0589,0.0571,0.0483,0.048,0.049,0.0473,0.0478,0.0454,0.0483,0.0522,0.1056,0.0959,0.0974,0.105,0.1027,0.1016,0.1027,0.0972,0.0913,0.1036
11,1,26,2,29/04/2020,1/05/2020,3,0.7226,0.0131,6,0.0506,0.0427,0.0574,0.0579,0.0508,0.0564,,,,,0.0981,0.0875,0.0949,,,,,,,
11,1,26,3,2/05/2020,4/05/2020,,0.6868,0.0245,8,0.0667,0.0581,0.0585,0.0557,0.0671,0.048,,,,,0.0964,0.1047,0.1099,0.1059,,,,,,
,,,1,15/04/2020,,,0.7608,0.0554,,0.0571,0.0647,0.0598,0.0546,0.0632,0.0597,0.0512,0.0543,0.0602,0.0704,,,,,,,,,,
11,1,7,1,16/04/2020,20/04/2020,2,0.7331,0.0848,50,0.0608,0.0697,0.0557,0.0534,0.0658,0.0508,0.0683,0.0634,0.07,0.0674,0.1111,0.1135,0.1117,0.1013,0.0935,0.0984,0.1063,0.104,0.1015,0.1105
11,1,7,2,20/04/2020,22/04/2020,4,0.7191,0.0709,56,0.0448,0.0354,0.043,0.0536,0.0452,0.048,0.0355,0.035,0.0398,0.0386,0.0978,0.1013,0.107,0.0961,0.0955,0.105,0.1001,0.0989,0.0772,0.0978
11,1,7,3,24/04/2020,26/04/2020,,0.7194,0.0456,23,0.0582,0.0594,0.0497,0.0537,0.0563,0.0446,0.0604,0.0522,0.0506,0.0519,0.1019,0.0946,0.1047,0.099,0.1071,0.0983,0.1061,0.1067,0.1102,0.1093
11,1,9,1,15/04/2020,19/04/2020,,0.7627,0.0554,0,0.0606,0.0615,0.0595,0.0627,0.0605,0.0613,0.0669,0.0548,0.0608,0.0577,,,,,,,,,,
4,2,8,1,15/05/2020,18/05/2020,2,0.5984,0.035,32,0.0431,0.0414,0.0386,0.0379,0.042,0.0383,0.033,0.0348,0.0371,0.0364,0.0992,0.0941,0.1017,0.1049,0.1043,0.107,0.1083,0.0948,0.0999,0.1119
4,2,8,2,18/05/2020,20/05/2020,4,0.7512,0.0608,38,0.0453,0.0434,0.0446,0.0434,0.0454,0.0471,0.0406,0.0377,0.0437,0.0464,0.1392,0.1469,0.1493,0.1454,0.1668,0.1606,0.1528,0.1463,0.1437,0.1502
4,2,8,3,23/05/2020,24/05/2020,,0.6732,0.0655,32,0.0569,0.0694,0.0725,0.062,0.0643,0.0566,0.0549,0.0654,0.0609,0.0556,0.0976,0.0999,0.0964,0.1056,0.1041,0.0999,0.1055,0.106,0.1064,0.0963
8,2,10,1,5/06/2020,7/06/2020,7,0.7299,0.0323,9,0.065,0.0702,0.0653,,,,,,,,0.1107,0.1201,0.106,0.0988,0.1124,0.1106,0.123,0.128,0.1193,
8,2,10,2,10/06/2020,14/06/2020,5,0.7523,0.017,2,0.0446,0.0617,0.0548,0.0496,0.0438,0.0546,0.0497,,,,0.1513,0.1278,,,,,,,,
8,2,10,3,16/06/2020,19/06/2020,,0.7482,0.0206,5,0.0559,0.0535,0.0568,0.059,0.0604,,,,,,0.1282,0.1132,0.1455,,,,,,,
8,2,13,2,9/06/2020,12/06/2020,4,0.7187,0.044,15,0.0579,0.0536,0.0523,0.0443,0.0576,0.0544,0.0479,0.0513,0.0502,0.0455,0.1034,0.0998,0.0972,0.1038,0.0962,0.1008,0.0967,0.0982,0.0964,0.091
8,2,13,1,4/06/2020,7/06/2020,5,0.74,0.0432,12,0.0472,0.0433,0.0436,0.0434,0.043,0.047,0.0446,0.055,0.046,0.0428,0.1153,0.1079,0.0994,0.1027,0.1063,0.1131,0.114,0.103,,
8,2,13,3,14/06/2020,16/06/2020,6,0.7643,0.0673,24,0.064,0.0651,0.066,0.0642,0.0617,0.0727,0.0644,0.0693,0.067,0.0643,0.1285,0.1206,0.127,0.1274,0.1029,0.1307,0.1015,0.0986,0.1277,0.1025
8,2,13,4,19/06/2020,22/06/2020,8,0.7669,0.0386,15,0.0593,0.0459,0.0535,0.0603,0.0581,0.0585,0.0568,0.0486,0.0585,0.054,0.1274,0.127,0.1271,0.125,0.1296,0.1292,0.1164,0.1264,0.1184,0.0933
8,2,13,5,26/06/2020,30/06/2020,3,0.7565,0.0314,8,0.0497,0.0507,0.0501,0.0484,0.0507,0.0626,0.056,0.0569,0.0485,0.0535,0.0866,0.0858,0.0812,0.0925,0.0947,0.0962,0.0896,0.096,,
8,2,13,6,3/07/2020,3/07/2020,3,0.7696,0.0321,11,0.0592,0.0548,0.057,0.0579,0.0592,0.0508,0.0547,0.0555,0.066,0.0569,0.1767,0.1819,0.1796,0.1804,0.161,0.1686,0.1781,0.1918,0.1842,
8,2,13,7,6/07/2020,6/07/2020,,0.7565,0.0333,0,0.0555,0.057,0.0467,0.0502,0.0573,0.0455,0.0536,0.0533,0.0537,0.0531,,,,,,,,,,
8,2,3,1,25/05/2020,28/05/2020,6,0.6657,0.0239,0,0.0502,0.0519,0.0406,0.0556,0.0453,0.0501,0.0487,0.0411,0.0482,,,,,,,,,,,
8,2,3,2,31/05/2020,3/06/2020,,0.6448,0.0172,0,0.0399,0.0527,0.0496,0.048,,,,,,,,,,,,,,,,
17,2,15,1,20/05/2020,22/05/2020,2,0.7141,0.0586,24,0.0702,0.0706,0.0531,0.0577,0.0526,0.0656,0.051,0.0632,0.0643,0.0615,0.0977,0.0997,0.1029,0.1011,0.0987,0.1066,0.0968,0.1027,0.1037,0.0912
17,2,15,2,22/05/2020,24/05/2020,3,0.7149,0.0543,41,0.0537,0.0576,0.0543,0.0453,0.0523,0.0509,0.0644,0.0633,0.0541,0.0573,0.0919,0.0984,0.1016,0.0932,0.0995,0.0945,0.0964,0.0941,0.1007,0.0982
17,2,15,3,25/05/2020,27/05/2020,6,0.7433,0.0403,23,0.0516,0.0602,0.0498,0.0561,0.0558,0.0407,0.0561,0.0524,0.0581,0.0482,0.1039,0.0781,0.1016,0.1028,0.0951,0.1001,0.1102,0.0984,0.0789,0.0946
17,2,15,4,30/05/2020,2/06/2020,,0.7021,0.0173,5,0.0524,0.0522,0.058,0.052,0.0643,,,,,,0.0921,0.0988,0.0663,0.0697,,,,,,
17,2,2,1,29/05/2020,31/05/2020,4,0.7596,0.0482,0,0.0593,0.0621,0.0587,0.0555,0.0519,0.0624,0.0547,0.0596,0.0541,0.0582,,,,,,,,,,
17,2,2,2,1/06/2020,4/06/2020,6,0.7409,0.0506,0,0.0487,0.0421,0.0569,0.0545,0.0462,0.054,0.049,0.0394,0.0466,0.0577,,,,,,,,,,
17,2,2,3,8/06/2020,10/06/2020,6,0.7729,0.0324,14,0.049,0.0486,0.0512,0.0536,0.0537,0.0601,0.0474,,,,0.0929,0.0899,0.1023,0.0959,0.0887,0.0925,0.0911,0.1001,0.0903,0.098
17,2,2,4,14/06/2020,16/06/2020,,0.7756,0.0134,5,0.0581,0.0516,0.057,0.0552,0.0655,0.0566,,,,,0.0953,0.0964,0.0951,0.0749,0.1083,,,,,
17,2,3,1,24/05/2020,27/05/2020,,0.7141,0.0237,15,0.0531,0.0638,0.0703,,,,,,,,0.1018,0.1007,0.0968,0.0978,0.0978,0.1071,0.0919,0.094,0.0977,0.0999
17,2,5,1,28/05/2020,30/05/2020,3,0.79,0.0511,11,0.0587,0.0616,0.0562,0.056,0.0468,0.0639,0.0647,0.0573,,,0.1002,0.0971,0.0998,0.1079,0.1037,0.1084,0.1046,0.1057,,
17,2,5,2,30/05/2020,2/06/2020,,0.7666,0.0317,1,0.064,0.0541,0.0515,0.0424,0.0503,0.0427,,,,,0.1091,,,,,,,,,
17,2,6,1,30/05/2020,1/06/2020,,0.7562,0.0132,0,0.0521,0.0552,0.0506,0.0507,,,,,,,,,,,,,,,,
17,2,8,1,13/06/2020,8/06/2020,2,0.6984,0.0256,0,0.0472,0.0527,0.0493,0.0529,0.0473,0.0474,0.0536,0.0534,0.0548,0.0554,,,,,,,,,,
17,2,8,2,7/06/2020,10/06/2020,,0.6634,0.0213,2,0.0643,0.0592,0.0557,0.0622,0.0589,,,,,,,,,,,,,,,
19,2,15,1,27/05/2020,29/05/2020,4,0.7129,0.0494,23,0.0662,0.0656,0.0541,0.0558,0.0559,0.0552,0.0587,0.0411,0.0607,0.0636,0.0942,0.0902,0.0962,0.0915,0.0931,0.0956,0.0954,0.0971,0.1029,0.1022
19,2,15,2,31/05/2020,2/06/2020,3,0.6978,0.044,22,0.0427,0.0563,0.0479,0.0473,0.0494,0.0535,0.0492,0.0464,0.0448,0.0434,0.1027,0.0978,0.1103,0.1017,0.1053,0.1061,0.1061,0.1109,0.114,0.104
19,2,15,3,3/06/2020,5/06/2020,5,0.6909,0.0367,19,0.0522,0.0409,0.0443,0.0481,0.0439,0.0411,0.0373,0.054,,,0.1048,0.0964,0.1008,0.1006,0.0987,0.1038,0.1124,0.1006,0.1002,0.0959
19,2,15,4,7/06/2020,10/06/2020,,0.7791,0.033,16,0.0502,0.051,0.0524,0.0581,0.0675,0.0563,0.0588,0.0603,0.0513,0.0516,0.1265,0.1233,0.118,0.1281,0.123,0.1215,0.117,0.1176,0.1232,0.1361
19,2,16,1,30/05/2020,1/06/2020,,0.7236,0.007,0,0.0606,0.0587,,,,,,,,,,,,,,,,,,
19,2,17,1,1/06/2020,3/06/2020,7,0.6807,0.0403,14,0.0561,0.0528,0.0718,0.063,0.0488,0.054,0.0573,0.0617,0.0643,,0.1628,0.166,0.1555,0.1587,0.1412,0.1597,0.1109,0.1232,0.1613,0.115
19,2,17,2,8/06/2020,10/06/2020,6,0.71,0.0327,8,0.0556,0.051,0.0505,0.0479,0.0511,0.0539,0.0431,0.0548,0.0495,0.0582,0.0928,0.1014,0.0952,0.0953,0.1049,0.094,0.095,,,
19,2,17,3,14/06/2020,16/06/2020,,0.7334,0.0302,4,0.0692,0.0707,0.0606,0.0634,0.0625,0.0693,0.0659,,,,0.0987,0.1071,0.1088,0.1128,,,,,,
19,2,20,1,11/06/2020,4/06/2020,4,0.7774,0.0364,7,0.0496,0.0522,0.0459,0.0515,0.0502,0.0544,0.0582,0.0472,0.0605,,0.1294,0.1013,0.0955,,,,,,,
19,2,20,2,5/06/2020,8/06/2020,6,0.7997,0.028,10,0.0544,0.0565,0.0589,0.0562,0.0573,0.0566,0.0502,0.0505,0.0462,,0.0906,0.0984,0.1034,0.1041,0.0943,0.1042,0.098,0.1096,0.1025,
19,2,20,3,12/06/2020,14/06/2020,5,0.7932,0.0238,3,0.0546,0.0667,0.0524,0.0606,0.063,0.0472,0.05,0.0495,,,0.1042,0.0864,,,,,,,,
19,2,20,4,16/06/2020,19/06/2020,,0.7816,0.0285,4,0.0567,0.0515,0.0506,0.0519,0.0618,0.0539,0.0564,0.0499,0.0454,,0.1207,0.0737,0.1192,0.0988,,,,,,
19,2,4,1,18/05/2020,20/05/2020,4,0.7736,0.0568,21,0.0537,0.0455,0.0411,0.043,0.0551,0.0546,0.0548,0.0602,0.0505,0.05,,,,,,,,,,
19,2,4,2,22/05/2020,24/05/2020,7,0.7563,0.0575,16,0.0519,0.0453,0.05,0.0585,0.0593,0.0602,0.061,0.0522,0.0511,0.0442,0.1016,0.1039,0.1079,0.1008,0.0964,0.1044,0.0972,0.0987,0.1036,0.0991
19,2,4,3,28/05/2020,31/05/2020,,0.7783,0.0204,0,0.055,0.044,0.0536,0.0577,0.0473,0.0525,0.0562,0.0625,,,,,,,,,,,,
19,2,6,1,18/05/2020,20/05/2020,4,0.7062,0.0574,19,0.0564,0.0422,0.0475,0.0545,0.0468,0.0492,0.06,0.0524,0.0474,0.047,0.1858,0.176,0.1663,0.1574,0.1835,0.1628,0.1531,0.1351,0.1756,0.1732
19,2,6,2,23/05/2020,24/05/2020,6,0.7437,0.0585,21,0.0614,0.073,0.068,0.0581,0.0615,0.0642,0.0674,0.0714,0.0653,0.064,0.0828,0.0948,0.0942,0.0907,0.0973,0.0843,0.0922,0.0902,0.0926,0.0946
19,2,6,3,28/05/2020,30/05/2020,3,0.822,0.0687,37,0.0605,0.053,0.0596,0.0539,0.0456,0.0494,0.0566,0.0572,0.0483,0.0516,0.1006,0.101,0.0998,0.097,0.0948,0.0989,0.1031,0.1007,0.107,0.1033
19,2,6,4,31/05/2020,2/06/2020,3,0.7533,0.0476,19,0.0519,0.0601,0.046,0.0493,0.0496,0.0531,0.0508,0.056,0.052,0.0544,0.0995,0.0981,0.0994,0.1041,0.1069,0.0981,0.1007,0.106,0.103,0.1044
19,2,6,5,3/06/2020,5/06/2020,7,0.7848,0.0255,5,0.0612,0.0553,0.0613,0.0592,,,,,,,0.0979,0.0982,0.093,0.071,0.0712,,,,,
19,2,6,6,8/06/2020,12/06/2020,,0.7785,0.0181,1,0.0502,0.0462,0.0507,0.0563,0.0523,,,,,,,,,,,,,,,
19,2,7,1,17/05/2020,20/05/2020,3,0.7275,0.0651,37,0.0582,0.055,0.0537,0.054,0.0547,0.0545,0.0488,0.0528,0.0653,0.0555,0.1457,0.1636,0.1658,0.139,0.1462,0.118,0.1584,0.153,0.1505,0.1317
19,2,7,2,20/05/2020,23/05/2020,3,0.6912,0.0535,34,0.056,0.0606,0.0536,0.0531,0.0488,0.0588,0.0586,0.0532,0.0558,0.0515,0.1195,0.1295,0.1296,0.1356,0.133,0.1369,0.1303,0.127,0.1224,0.1308
19,2,7,3,23/05/2020,26/05/2020,6,0.7492,0.0606,41,0.0477,0.0583,0.0435,0.0557,0.0541,0.0507,0.052,0.0528,0.0461,0.046,0.106,0.1162,0.1061,0.1232,0.1269,0.1267,0.1016,0.0946,0.1046,0.1325
19,2,7,4,31/05/2020,1/06/2020,,0.7249,0.0366,14,0.0646,0.0587,0.0579,0.063,0.0647,0.0618,,,,,0.0989,0.0992,0.0993,0.0929,0.0969,0.1138,0.1047,0.0866,0.0949,0.0941
12,1,11,1,19/04/2020,22/04/2020,4,0.7018,0.0458,16,0.0547,0.051,0.0437,0.0546,0.056,0.06,0.0472,0.0501,0.0554,0.047,0.0984,0.0996,0.1047,0.0942,0.0997,0.0996,0.1054,0.1041,,
12,1,11,2,24/04/2020,26/04/2020,7,0.6689,0.0377,14,0.0534,0.056,0.0541,0.0427,0.053,0.061,0.0631,0.0523,0.0555,,0.0778,0.0957,0.073,0.1064,0.0722,0.0761,0.1015,0.0689,0.0496,0.1058
12,1,11,3,29/04/2020,3/05/2020,,0.6806,0.0215,2,0.05,0.0469,0.0472,0.0495,0.0484,0.0471,,,,,0.0908,0.0741,,,,,,,,
12,1,17,1,20/04/2020,22/04/2020,3,0.7161,0.0093,15,0.0483,0.0364,0.049,,,,,,,,0.1319,0.1398,0.1234,0.1171,0.115,0.1008,0.104,0.1146,0.1293,0.1224
12,1,17,2,23/04/2020,25/04/2020,3,0.7066,0.0321,0,0.0485,0.0529,0.0502,0.0537,0.0574,0.0534,0.05,0.0595,0.0638,,,,,,,,,,,
12,1,17,3,26/04/2020,28/04/2020,6,0.7276,0.0144,1,0.0578,0.0513,0.0482,,,,,,,,,,,,,,,,,
12,1,17,4,2/05/2020,4/05/2020,,0.7142,0.0189,9,0.0469,0.0435,0.0456,0.0504,0.051,0.0471,0.0511,0.0498,0.0477,0.0524,0.0958,0.0776,0.0964,0.0927,0.0962,0.0757,0.0755,0.0696,,
12,1,20,1,20/04/2020,22/04/2020,3,0.7687,0.0712,6,0.0555,0.0522,0.0559,0.0526,0.0495,0.0503,0.0521,0.0452,0.0475,0.053,0.0596,0.0563,0.0328,0.0413,,,,,,
12,1,20,2,22/04/2020,25/04/2020,3,0.7175,0.0594,2,0.0486,0.0517,0.0575,0.0481,0.0552,0.0608,0.0564,0.0534,0.0573,0.0461,0.1136,0.0998,,,,,,,,
12,1,20,3,25/04/2020,28/04/2020,4,0.7221,0.0568,1,0.0506,0.0562,0.0601,0.0454,0.0491,0.0507,0.0568,0.0496,0.0472,0.0454,0.1238,,,,,,,,,
12,1,20,4,30/04/2020,2/05/2020,,0.7178,0.029,3,0.0524,0.0531,0.0525,0.0455,0.0473,0.0459,0.0403,0.0519,0.0496,0.049,0.095,,,,,,,,,
12,1,23,1,22/04/2020,25/04/2020,6,0.7203,0.0474,33,0.0403,0.0452,0.0481,0.0411,0.052,0.0564,0.0519,0.0535,0.0401,0.0433,0.0989,0.1146,0.0936,0.0932,0.1228,0.0926,0.1256,0.0993,,
12,1,23,2,29/04/2020,1/05/2020,,0.7503,0.0322,13,0.0484,0.0431,0.0556,0.051,0.044,0.0502,0.0561,0.059,0.0562,0.0525,0.0972,0.093,0.1008,0.0978,0.1017,0.0994,0.1017,0.1014,0.1006,0.0991
12,1,25,1,22/04/2020,23/04/2020,5,0.7535,0.0824,45,0.054,0.0615,0.0624,0.056,0.0572,0.0585,0.0637,0.0622,0.0627,0.0626,0.1479,0.1612,0.1642,0.1632,0.1573,0.1554,0.1741,0.1662,0.1584,0.1482
12,1,25,2,25/04/2020,28/04/2020,,0.7998,0.0333,15,0.0599,0.0551,0.0595,0.0556,0.0502,0.0519,0.0541,0.0494,0.0474,0.0474,0.0895,0.0971,0.0962,0.0937,0.0964,0.1061,0.0967,0.0946,0.0933,0.0941
12,1,3,1,14/04/2020,17/04/2020,3,0.776,0.0655,20,0.0481,0.0452,0.0488,0.0468,0.0576,0.0557,0.0607,0.0541,0.0472,0.064,0.129,0.1237,0.1318,0.1285,0.1017,0.1292,0.1019,0.1264,0.1297,0.1047
12,1,3,2,17/04/2020,20/04/2020,,0.7307,0.052,37,0.0458,0.0505,0.0493,0.0592,0.0479,0.0505,0.0483,0.0418,0.048,0.06,0.0931,0.1002,0.0962,0.1002,0.1044,0.0871,0.0942,0.0968,0.1013,0.0935
12,1,9,1,17/04/2020,19/04/2020,3,0.6846,0.0699,22,0.0658,0.062,0.051,0.0624,0.0608,0.0607,0.0681,0.0547,0.0561,0.0603,0.1024,0.0982,0.0981,0.1114,0.1031,0.102,0.1049,0.1009,0.1064,0.1044
12,1,9,2,20/04/2020,22/04/2020,,0.6464,0.0441,18,0.0439,0.0488,0.048,0.0498,0.0611,0.0455,0.0467,0.043,0.0484,0.0513,0.1354,0.127,0.1213,0.1366,0.1349,0.1451,0.1313,0.1348,0.1394,0.1225
13,1,1,1,19/04/2020,23/04/2020,8,0.7413,0.018,0,0.0609,0.0636,0.0511,,,,,,,,,,,,,,,,,
13,1,1,2,27/04/2020,1/05/2020,,0.7309,0.0118,0,0.0571,0.0496,0.051,,,,,,,,,,,,,,,,,
13,1,11,1,20/04/2020,22/04/2020,3,0.7411,0.0632,17,0.0547,0.0562,0.0589,0.0471,0.0495,0.0542,0.0531,0.0516,0.0561,0.0531,0.1498,0.167,0.1502,0.1712,0.1703,0.1698,0.1714,0.1566,,
13,1,11,2,23/04/2020,25/04/2020,,0.7292,0.0511,37,0.0505,0.0425,0.052,0.0496,0.0416,0.045,0.0459,0.0453,0.0403,0.0432,0.095,0.0988,0.1035,0.1013,0.0997,0.1008,0.103,0.0953,0.0996,0.0977
13,1,11,3,29/04/2020,,,0.7316,0.0335,,0.0666,0.0598,0.048,0.0528,0.0559,0.0612,0.0473,0.0523,,,,,,,,,,,,
13,1,16,1,20/04/2020,25/04/2020,3,0.7826,0.0259,32,0.0553,0.0566,0.0515,0.0507,0.0526,,,,,,0.1657,0.1739,0.1582,0.1747,0.1711,0.1775,0.1706,0.1621,0.1676,0.1703
13,1,16,2,26/04/2020,28/04/2020,,0.7599,0.021,0,0.0531,0.0508,0.055,,,,,,,,,,,,,,,,,
13,1,16,3,29/04/2020,,,0.7655,0.0096,,0.0596,0.0533,0.0449,,,,,,,,,,,,,,,,,
13,1,16,4,4/05/2020,5/05/2020,8,0.761,0.0097,2,0.0547,0.0592,0.0545,,,,,,,,,,,,,,,,,
13,1,16,5,12/05/2020,13/05/2020,,0.7418,0.0313,0,0.0669,0.0604,0.055,0.0547,0.059,0.058,0.0555,0.0509,0.0562,,,,,,,,,,,
13,1,18,1,22/04/2020,24/04/2020,3,0.7038,0.0456,2,0.0643,0.0595,0.0545,0.062,0.0559,0.0622,0.0587,0.066,0.0506,0.053,0.1207,0.0819,,,,,,,,
13,1,18,2,25/04/2020,27/04/2020,8,0.6708,0.0564,19,0.0636,0.0569,0.0626,0.0689,0.0554,0.0542,0.0473,0.0687,0.048,,0.1029,0.0958,0.0945,0.0967,0.0982,0.1032,0.1015,0.0991,0.0948,0.097
13,1,18,3,2/05/2020,5/05/2020,,0.7514,0.0269,6,0.0563,0.058,0.0481,0.0544,0.0502,0.0586,0.0559,0.063,,,0.108,,,,,,,,,
13,1,8,1,22/04/2020,1/05/2020,,0.6856,0.0461,19,0.0585,0.0654,0.0714,0.0613,0.0488,0.0546,0.0506,0.0632,0.0523,0.0676,0.0993,0.1032,0.103,0.1052,0.1126,0.0999,0.1058,0.0984,0.1106,0.1084
14,1,18,1,28/04/2020,2/05/2020,3,0.6896,0.0142,0,0.0517,0.0607,0.0509,0.0553,0.0483,,,,,,,,,,,,,,,
14,1,18,2,3/05/2020,5/05/2020,,0.734,0.0248,11,0.0468,0.0541,0.0593,0.0573,0.0554,0.08,0.0593,,,,0.0769,0.0991,0.064,0.0785,0.096,0.0935,,,,
14,1,5,1,22/04/2020,24/04/2020,3,0.7426,0.0739,2,0.0588,0.0611,0.0565,0.061,0.0604,0.0563,0.0512,0.0525,0.0541,0.0479,0.1098,,,,,,,,,
14,1,5,2,25/04/2020,27/04/2020,,0.742,0.0602,33,0.0484,0.0488,0.0537,0.0669,0.0646,0.0592,0.0528,0.0506,0.0484,0.0495,0.1053,0.0995,0.0977,0.0913,0.0978,0.0995,0.1071,0.0989,0.0972,0.0918
14,1,9,1,18/04/2020,20/04/2020,3,0.7432,0.0818,50,0.0595,0.0576,0.0588,0.0641,0.0561,0.0564,0.0585,0.0592,0.0644,0.0608,0.0922,0.0972,0.1032,0.1074,0.1001,0.0951,0.1045,0.1037,0.1017,0.0978
14,1,9,2,21/04/2020,23/04/2020,,0.7344,0.0516,20,0.0501,0.057,0.057,0.0522,0.0535,0.0636,0.0513,0.0532,0.057,0.0566,,,,,,,,,,
15,1,1,1,15/04/2020,17/04/2020,2,0.7235,0.0885,40,0.06,0.057,0.057,0.0551,0.0598,0.0534,0.0594,0.0557,0.0533,0.0545,0.1161,0.119,0.1279,0.1274,0.1261,0.1271,0.1302,0.1342,0.1235,0.1237
15,1,1,2,27/04/2020,19/04/2020,,0.7226,0.0673,42,0.061,0.0623,0.0577,0.0548,0.0638,0.0449,0.0571,0.0604,0.0623,0.0631,0.1045,0.1015,0.1024,0.1016,0.1002,0.0977,0.0982,0.0971,0.0988,0.1057
15,1,14,1,16/04/2020,19/04/2020,2,0.7525,0.0703,40,0.0548,0.0602,0.0533,0.0605,0.0529,0.0613,0.0573,0.0579,0.05,0.0545,0.111,0.1066,0.1124,0.1043,0.1061,0.0996,0.1224,0.1103,0.0996,0.0993
15,1,14,2,19/04/2020,21/04/2020,,0.685,0.0497,34,0.0522,0.0466,0.0456,0.0528,0.0635,0.0576,0.0535,0.0478,0.0467,0.0566,0.0963,0.1009,0.1002,0.0987,0.1033,0.105,0.1053,0.097,0.1004,0.0989
15,1,15,1,16/04/2020,19/04/2020,4,0.749,0.0629,19,0.0411,0.0437,0.0441,0.0466,0.041,0.0437,0.048,0.0405,0.048,0.0406,0.1063,0.1059,0.1141,0.0978,0.1015,0.0991,0.0954,0.0957,0.0919,0.0777
15,1,15,2,20/04/2020,23/04/2020,,0.7807,0.0602,18,0.0574,0.0494,0.0599,0.0552,0.0527,0.0532,0.0528,0.0499,0.0481,0.0454,0.1047,0.098,0.1025,0.1031,0.0958,0.0958,0.103,0.1083,0.0901,0.1047
15,1,17,1,20/04/2020,22/04/2020,4,0.6538,0.0369,39,0.0431,0.05,0.0507,0.0594,0.055,0.0553,0.0573,0.0458,0.0466,0.043,0.1219,0.1189,0.1101,0.1139,0.1178,0.1168,0.1211,0.1161,0.113,0.1053
15,1,17,2,24/04/2020,26/04/2020,6,0.6954,0.0435,23,0.0567,0.0605,0.0563,0.0746,0.0618,0.068,0.0494,0.0696,0.0655,0.066,0.1217,0.1164,0.1219,0.1017,0.1284,0.1292,0.1291,0.1267,0.132,0.103
15,1,17,3,30/04/2020,2/05/2020,,0.6787,0.0113,2,0.0485,0.0455,0.0401,,,,,,,,0.1024,,,,,,,,,
15,1,25,1,22/04/2020,24/04/2020,3,0.7164,0.0553,37,0.0508,0.0511,0.05,0.0482,0.048,0.0539,0.0488,0.0386,0.0466,0.0552,0.0978,0.0653,0.0956,0.1004,0.0999,0.102,0.0957,0.0817,0.0996,0.1051
15,1,25,2,24/04/2020,27/04/2020,4,0.7568,0.0636,42,0.0519,0.059,0.0555,0.0537,0.0616,0.0406,0.0506,0.0515,0.0468,0.0444,0.1211,0.1238,0.1208,0.1166,0.1293,0.1037,0.1317,0.1312,0.1033,0.1235
15,1,25,3,28/04/2020,1/05/2020,8,0.7544,0.0408,23,0.056,0.0495,0.0553,0.0517,0.0488,0.05,0.057,0.0497,0.0552,0.0559,0.1154,0.1211,0.1227,0.1191,0.1274,0.132,0.1253,0.1209,0.1268,0.1296
15,1,25,4,6/05/2020,9/05/2020,,0.6822,0.0114,3,0.0643,0.0604,0.0563,,,,,,,,,,,,,,,,,
15,1,5,1,6/05/2020,,,0.6816,0.0057,0,0.0511,0.0415,0.0471,,,,,,,,,,,,,,,,,
15,1,6,1,15/04/2020,17/04/2020,,0.6945,0.0509,26,0.0555,0.0492,0.0481,0.0675,0.0643,0.0515,0.0566,0.06,0.0633,0.0539,0.1046,0.1052,0.1098,0.1036,0.1094,0.1033,0.105,0.1169,0.105,0.1038
16,1,13,1,19/04/2020,21/04/2020,3,0.6961,0.0559,12,0.0529,0.0611,0.0563,0.0626,0.0564,0.0562,0.044,0.0524,0.0523,,0.1024,0.1025,0.1003,0.0993,0.1062,0.1045,,,,
16,1,13,2,22/04/2020,24/04/2020,,0.7179,0.0611,34,0.0537,0.0456,0.0522,0.0545,0.0535,0.0493,0.0557,0.0571,0.0579,0.06,0.1041,0.0995,0.1021,0.1066,0.1071,0.1082,0.103,0.1024,0.0988,0.1055
16,1,18,1,19/04/2020,21/04/2020,12,0.8074,0.0733,54,0.0563,0.0514,0.0523,0.0518,0.0487,0.0566,0.0415,0.0527,0.0474,0.04,0.1022,0.0938,0.0803,0.0865,0.0898,0.0974,0.1071,0.0968,0.0998,0.0964
16,1,18,2,30/04/2020,3/05/2020,,0.7599,0.0401,11,0.0425,0.0513,0.0415,0.0566,0.0547,0.0552,0.0534,0.0494,0.0564,0.0486,0.0791,0.0886,0.0862,0.0814,0.0711,0.0728,0.0855,0.0851,0.0926,0.0905
16,1,19,1,17/04/2020,20/04/2020,4,0.7635,0.0733,47,0.0584,0.05,0.0552,0.0534,0.0526,0.055,0.0541,0.0502,0.0488,0.0494,0.0986,0.0985,0.0891,0.0999,0.1235,0.1163,0.1162,0.1092,0.1138,0.121
16,1,19,2,21/04/2020,24/04/2020,,0.7035,0.0665,23,0.0581,0.06,0.0513,0.0608,0.0552,0.0423,0.0299,0.0507,0.0594,0.0561,0.1052,0.1024,0.0994,0.0959,0.0964,0.1038,0.1053,0.1004,0.1032,0.1008
16,1,20,1,17/04/2020,20/04/2020,4,0.7521,0.0774,31,0.0519,0.0668,0.0626,0.0602,0.0573,0.0471,0.056,0.0516,0.0605,0.0526,0.0974,0.0961,0.1017,0.1007,0.1066,0.0929,0.1043,0.0978,0.1053,0.0978
16,1,20,2,22/04/2020,24/04/2020,4,0.7459,0.0642,32,0.0687,0.0574,0.0568,0.0577,0.0671,0.0614,0.0638,0.0561,0.0559,0.0702,0.1021,0.0858,0.1015,0.0968,0.1047,,,,,
16,1,20,3,26/04/2020,28/04/2020,4,0.7129,0.0541,17,0.0465,0.0681,0.0528,0.0555,0.0541,0.058,0.044,0.0522,0.0546,0.0572,0.1019,0.1076,0.1074,0.1018,0.1079,0.1029,0.0973,0.0974,0.11,
16,1,20,4,30/04/2020,2/05/2020,,0.7575,0.0409,21,0.0456,0.0454,0.0407,0.0432,0.0464,0.0448,0.043,0.0445,0.0435,0.0466,0.1097,0.1113,0.1075,0.1058,0.1011,0.1047,0.102,0.11,0.1015,0.1075
16,1,5,1,20/04/2020,22/04/2020,4,0.6866,0.0429,15,0.0605,0.0528,0.0648,0.0548,0.0595,0.0545,0.054,0.0575,0.0535,0.0601,0.1215,0.1216,0.1111,0.1127,0.1177,0.1237,0.1125,0.1225,0.1163,0.1145
16,1,5,2,24/04/2020,26/04/2020,,0.7339,0.0522,18,0.0472,0.0614,0.0543,0.0493,0.0566,0.0571,0.0492,0.058,0.0637,0.0549,0.0996,0.1157,0.1061,0.0945,0.0954,0.1017,0.1088,0.111,0.0902,0.1071
16,1,8,1,29/04/2020,,,0.6413,0.0037,,0.0684,,,,,,,,,,,,,,,,,,,
18,1,13,1,17/04/2020,19/04/2020,3,0.774,0.0471,0,0.0581,0.0504,0.0542,0.0589,0.0494,0.053,0.0538,0.052,0.0583,0.0624,,,,,,,,,,
18,1,13,2,20/04/2020,22/04/2020,3,0.795,0.0244,0,0.051,0.063,0.0585,0.0648,0.0582,0.057,0.0659,0.0509,0.0561,,,,,,,,,,,
18,1,13,3,23/04/2020,25/04/2020,4,0.7489,0.0347,0,0.0475,0.0609,0.0667,0.0693,,,,,,,,,,,,,,,,
18,1,13,4,27/04/2020,29/04/2020,5,0.7478,0.0149,0,0.0587,0.0666,0.0644,0.063,,,,,,,,,,,,,,,,
18,1,13,5,1/05/2020,4/05/2020,,0.7677,0.0154,0,0.0807,0.054,0.0441,0.0549,0.0552,0.056,,,,,,,,,,,,,,
18,1,2,1,15/04/2020,17/04/2020,2,0.709,0.0613,22,0.0566,0.0539,0.0432,0.055,0.0534,0.0622,0.0589,0.0668,0.0658,0.0677,0.1348,0.128,0.0966,0.1352,0.1331,0.1328,0.1291,0.1366,0.0767,0.1009
18,1,2,2,17/04/2020,19/04/2020,,0.6678,0.0551,29,0.0574,0.0528,0.0563,0.0648,0.0554,0.0623,0.0616,0.0496,0.0502,0.0532,0.0986,0.1001,0.0975,0.092,0.0941,0.0993,0.0991,0.1108,0.1012,0.0989
18,1,22,1,25/04/2020,28/04/2020,,0.6567,0.0165,2,0.0615,0.0548,0.0586,0.052,0.0489,0.0632,,,,,0.0915,0.098,,,,,,,,
18,1,24,1,22/04/2020,24/04/2020,4,0.7592,0.0294,1,0.0675,0.0538,0.0511,0.0473,0.0539,0.0485,0.0493,0.057,0.0481,0.0454,0.0976,,,,,,,,,
18,1,24,2,25/04/2020,28/04/2020,4,0.6969,0.0477,12,0.0602,0.0525,0.0574,0.0524,0.0615,0.0578,0.0504,0.0571,0.0569,0.0591,0.1065,0.0968,0.0958,0.0997,0.0973,0.0882,0.0949,0.0943,0.0967,0.0858
18,1,24,3,30/04/2020,2/05/2020,,0.7324,0.0215,0,0.0602,0.0579,0.0649,0.0646,0.0622,,,,,,,,,,,,,,,
18,1,28,1,19/04/2020,21/04/2020,3,0.7061,0.055,19,0.0537,0.0632,0.0579,0.0632,0.052,0.0632,0.0641,0.0523,0.0512,0.0595,0.102,0.0873,0.095,0.0909,0.0981,0.0974,0.0941,0.0964,0.0846,0.0983
18,1,28,2,22/04/2020,24/04/2020,4,0.7141,0.0523,16,0.06,0.056,0.0557,0.0449,0.0526,0.0601,0.049,0.0555,0.0494,0.0641,0.1005,0.0931,0.102,0.0949,0.0961,0.0914,0.0958,0.0949,0.1062,0.0938
18,1,28,3,26/04/2020,28/04/2020,5,0.699,0.0334,6,0.0562,0.0603,0.0648,0.0582,0.0478,0.0506,0.0626,0.0528,0.0615,0.0505,0.0933,0.0975,0.0942,0.0914,0.0955,0.0876,,,,
18,1,28,4,1/05/2020,3/05/2020,,0.6883,0.0279,5,0.0599,0.0537,0.0573,0.0594,0.0605,0.0488,0.0616,0.066,,,0.0801,0.0682,0.0961,,,,,,,
19,1,1,1,20/04/2020,21/04/2020,3,0.8264,0.0288,0,0.0529,0.0724,0.0647,0.0539,0.0509,0.0567,0.0539,0.0372,,,,,,,,,,,,
19,1,1,2,22/04/2020,24/04/2020,3,0.8278,0.0131,0,0.0581,0.0508,0.0525,0.0531,,,,,,,,,,,,,,,,
19,1,1,3,25/04/2020,27/04/2020,,0.7974,0.0198,0,0.066,0.0481,0.0385,0.0441,,,,,,,,,,,,,,,,
19,1,11,1,2/05/2020,,,0.6796,0.0162,0,0.0446,0.0549,0.0482,0.0509,,,,,,,,,,,,,,,,
19,1,4,1,19/04/2020,21/04/2020,4,0.7465,0.0453,21,0.0563,0.0566,0.0521,0.0498,0.0527,0.0659,0.0584,0.0604,0.0579,0.0574,0.0992,0.1032,0.1065,0.09,0.1085,0.1215,0.1104,0.1124,0.1047,0.0999
19,1,4,2,22/04/2020,25/04/2020,3,0.7257,0.0115,3,0.0561,0.0461,0.0559,,,,,,,,0.0881,0.0945,,,,,,,,
19,1,4,3,26/04/2020,28/04/2020,3,0.6613,0.0198,7,0.0466,0.0536,0.041,0.055,0.0455,0.0484,0.0444,0.0483,0.05,,0.0948,0.0927,0.0946,0.1033,0.1013,0.0939,,,,
19,1,4,4,29/04/2020,1/05/2020,3,0.7313,0.0346,18,0.0553,0.0568,0.0507,0.0563,0.0494,0.0607,0.0638,0.0504,0.0564,0.05,0.0909,0.1238,0.1324,0.1015,0.12,0.1185,0.1033,0.1017,0.1081,0.1275
19,1,4,5,1/05/2020,4/05/2020,,0.7408,0.019,9,0.0604,0.0563,0.0533,0.0519,0.0517,0.0579,0.0501,0.0567,0.0519,,0.117,0.1246,0.1156,0.1252,0.1256,,,,,
20,1,10,1,14/04/2020,16/04/2020,3,0.7364,0.0524,23,0.048,0.048,0.0586,0.0474,0.0483,0.0441,0.0456,0.0414,0.0569,0.0494,0.091,0.101,0.1047,0.0956,0.0997,0.1037,0.1043,0.0996,,
20,1,10,2,17/04/2020,19/04/2020,3,0.6753,0.0481,31,0.0467,0.0507,0.0427,0.0477,0.0462,0.0462,0.0488,0.0457,0.0462,0.0459,0.1036,0.102,0.0991,0.0996,0.0971,0.1027,0.1053,0.0988,0.0992,0.098
20,1,10,3,20/04/2020,22/04/2020,,0.7045,0.0518,0,0.0568,0.0564,0.0629,0.059,0.051,0.0641,0.0651,0.0523,0.0522,0.0566,,,,,,,,,,
20,1,10,4,25/04/2020,,,0.6431,0.0317,0,0.0392,0.046,0.0523,0.0507,0.0512,0.0492,0.056,,,,,,,,,,,,,
20,1,19,1,19/04/2020,21/04/2020,10,0.7212,0.0551,32,0.0475,0.0468,0.0515,0.0615,0.0646,0.0523,0.0444,0.042,0.0487,0.0473,0.0948,0.1015,0.0754,0.1157,0.096,0.0926,0.101,0.1002,0.1033,0.0975
20,1,19,2,29/04/2020,1/05/2020,,0.6826,0.0197,4,0.0511,0.0522,0.0515,,,,,,,,0.0913,0.1027,0.1022,0.1048,,,,,,
20,1,22,1,20/04/2020,22/04/2020,,0.6794,0.0426,48,0.0489,0.0574,0.0522,0.0582,0.0424,0.0542,0.0481,,,,0.1461,0.1441,0.1426,0.1359,0.1432,0.1445,0.1427,0.1448,0.1252,0.1277
20,1,22,2,25/04/2020,,,0.6404,0.0445,0,0.0559,0.0597,0.0558,0.0729,0.0525,0.0622,0.0608,0.0658,0.0534,0.0538,,,,,,,,,,
20,1,23,1,23/04/2020,25/04/2020,7,0.6993,0.0362,20,0.0551,0.05,0.0529,0.0613,0.0634,0.0594,0.0661,0.0597,0.0591,0.0553,0.1033,0.1043,0.102,0.0968,0.1005,0.0563,0.0992,0.0992,0.095,0.098
20,1,23,2,30/04/2020,2/05/2020,,0.734,0.0261,12,0.0627,0.0593,0.0555,0.0533,0.0575,0.066,0.0572,0.0594,0.0574,0.0649,,,,,,,,,,
20,1,25,1,30/04/2020,3/05/2020,,0.725,0.0234,11,0.0494,0.0561,0.0502,0.0584,0.0683,,,,,,0.0971,0.0963,0.1041,0.1016,0.102,0.0878,0.0978,0.0978,0.0963,
,,,1,20/04/2020,,,0.7026,0.0432,,0.0543,0.0508,0.05,0.0519,0.0464,0.0576,0.0428,0.0495,0.0469,,,,,,,,,,,
20,1,31,1,30/04/2020,3/05/2020,,0.7383,0.0286,13,0.0542,0.056,0.059,0.0604,0.0585,0.0537,,,,,,,,,,,,,,
